code;name;location;reference product;categories;classifications;ex_name;ex_amount;ex_unit;ex_product;ex_production volume;ex_type;ex_location
039481cac2982e6820000afb6e8a6a5b;treatment of waste paint, municipal incineration;RoW;heat, for reuse in municipal waste incineration only;;[('ISIC rev.4 ecoinvent', '3821:Treatment and disposal of non-hazardous waste'), ('CPC', '17300: Steam and hot water')];treatment of waste reinforcement steel, recycling;-0.000179226505615635;kilogram;waste reinforcement steel;6392695.05;technosphere;RoW
04cc338053854d36d3441f17a9f8961e;treatment of waste polyethylene, municipal incineration;RoW;heat, for reuse in municipal waste incineration only;;[('ISIC rev.4 ecoinvent', '3821:Treatment and disposal of non-hazardous waste'), ('CPC', '17300: Steam and hot water')];market for waste polyethylene, for recycling, unsorted;-7.75075551766168e-10;kilogram;waste polyethylene, for recycling, unsorted;696857.05;technosphere;RoW
04cc338053854d36d3441f17a9f8961e;treatment of waste polyethylene, municipal incineration;RoW;heat, for reuse in municipal waste incineration only;;[('ISIC rev.4 ecoinvent', '3821:Treatment and disposal of non-hazardous waste'), ('CPC', '17300: Steam and hot water')];market for waste polyethylene, for recycling, unsorted;-2.21909855420656e-12;kilogram;waste polyethylene, for recycling, unsorted;6271713.45;technosphere;CH
04cc338053854d36d3441f17a9f8961e;treatment of waste polyethylene, municipal incineration;RoW;heat, for reuse in municipal waste incineration only;;[('ISIC rev.4 ecoinvent', '3821:Treatment and disposal of non-hazardous waste'), ('CPC', '17300: Steam and hot water')];market for waste polyethylene, for recycling, unsorted;-7.37354287929324e-10;kilogram;waste polyethylene, for recycling, unsorted;6271713.45;technosphere;Europe without Switzerland
04cc338053854d36d3441f17a9f8961e;treatment of waste polyethylene, municipal incineration;RoW;heat, for reuse in municipal waste incineration only;;[('ISIC rev.4 ecoinvent', '3821:Treatment and disposal of non-hazardous waste'), ('CPC', '17300: Steam and hot water')];market for waste polyethylene, for recycling, unsorted;-2.23514575449525e-10;kilogram;waste polyethylene, for recycling, unsorted;6271713.45;technosphere;US
04cc338053854d36d3441f17a9f8961e;treatment of waste polyethylene, municipal incineration;RoW;heat, for reuse in municipal waste incineration only;;[('ISIC rev.4 ecoinvent', '3821:Treatment and disposal of non-hazardous waste'), ('CPC', '17300: Steam and hot water')];treatment of waste reinforcement steel, recycling;-1.05981995197458e-05;kilogram;waste reinforcement steel;291996.95;technosphere;RoW
066280d8b0c6881e07a550ebf9440aac;treatment of aluminium scrap, post-consumer, prepared for recycling, at refiner;RER;iron scrap, unsorted;;[('EcoSpold01Categories', 'metals/extraction'), ('ISIC rev.4 ecoinvent', '2420:Manufacture of basic precious and other non-ferrous metals'), ('CPC', '39310: Slag, dross, scalings and other waste from the manufacture of iron or steel')];market for waste polyethylene, for recycling, unsorted;-4.02620607836428e-09;kilogram;waste polyethylene, for recycling, unsorted;696857.05;technosphere;RoW
066280d8b0c6881e07a550ebf9440aac;treatment of aluminium scrap, post-consumer, prepared for recycling, at refiner;RER;iron scrap, unsorted;;[('EcoSpold01Categories', 'metals/extraction'), ('ISIC rev.4 ecoinvent', '2420:Manufacture of basic precious and other non-ferrous metals'), ('CPC', '39310: Slag, dross, scalings and other waste from the manufacture of iron or steel')];market for waste polyethylene, for recycling, unsorted;-2.13628831563696e-10;kilogram;waste polyethylene, for recycling, unsorted;6271713.45;technosphere;CH
066280d8b0c6881e07a550ebf9440aac;treatment of aluminium scrap, post-consumer, prepared for recycling, at refiner;RER;iron scrap, unsorted;;[('EcoSpold01Categories', 'metals/extraction'), ('ISIC rev.4 ecoinvent', '2420:Manufacture of basic precious and other non-ferrous metals'), ('CPC', '39310: Slag, dross, scalings and other waste from the manufacture of iron or steel')];market for waste polyethylene, for recycling, unsorted;-7.09838392171562e-08;kilogram;waste polyethylene, for recycling, unsorted;6271713.45;technosphere;Europe without Switzerland
066280d8b0c6881e07a550ebf9440aac;treatment of aluminium scrap, post-consumer, prepared for recycling, at refiner;RER;iron scrap, unsorted;;[('EcoSpold01Categories', 'metals/extraction'), ('ISIC rev.4 ecoinvent', '2420:Manufacture of basic precious and other non-ferrous metals'), ('CPC', '39310: Slag, dross, scalings and other waste from the manufacture of iron or steel')];market for waste polyethylene, for recycling, unsorted;-2.15173668155582e-08;kilogram;waste polyethylene, for recycling, unsorted;6271713.45;technosphere;US
066280d8b0c6881e07a550ebf9440aac;treatment of aluminium scrap, post-consumer, prepared for recycling, at refiner;RER;iron scrap, unsorted;;[('EcoSpold01Categories', 'metals/extraction'), ('ISIC rev.4 ecoinvent', '2420:Manufacture of basic precious and other non-ferrous metals'), ('CPC', '39310: Slag, dross, scalings and other waste from the manufacture of iron or steel')];treatment of waste reinforcement steel, recycling;-0.000126748350514285;kilogram;waste reinforcement steel;291996.95;technosphere;RoW
0dcc68670eb641d5d2805d1791ab2899;fish curing, small fish;PE;fish curing, small fish;;[('ISIC rev.4 ecoinvent', '1020:Processing and preserving of fish, crustaceans and molluscs'), ('CPC', '21242: Fish, otherwise prepared or preserved')];market for waste polyethylene, for recycling, unsorted;-0.0293444027098835;kilogram;waste polyethylene, for recycling, unsorted;696857.05;technosphere;RoW
12878e5f2028ed6282bd38fe9eefc32d;treatment of waste polyethylene, for recycling, unsorted, sorting;US;waste polyethylene, for recycling, sorted;;[('ISIC rev.4 ecoinvent', '3811:Collection of non-hazardous waste'), ('CPC', '39270: Waste, parings and scrap of plastics')];market for waste polyethylene, for recycling, unsorted;-1.2881433896838e-08;kilogram;waste polyethylene, for recycling, unsorted;36290026.6666666;technosphere;CH
12878e5f2028ed6282bd38fe9eefc32d;treatment of waste polyethylene, for recycling, unsorted, sorting;US;waste polyethylene, for recycling, sorted;;[('ISIC rev.4 ecoinvent', '3811:Collection of non-hazardous waste'), ('CPC', '39270: Waste, parings and scrap of plastics')];market for waste polyethylene, for recycling, unsorted;-4.28019769581966e-06;kilogram;waste polyethylene, for recycling, unsorted;36290026.6666666;technosphere;Europe without Switzerland
12878e5f2028ed6282bd38fe9eefc32d;treatment of waste polyethylene, for recycling, unsorted, sorting;US;waste polyethylene, for recycling, sorted;;[('ISIC rev.4 ecoinvent', '3811:Collection of non-hazardous waste'), ('CPC', '39270: Waste, parings and scrap of plastics')];market for waste polyethylene, for recycling, unsorted;-1.29745847617945e-06;kilogram;waste polyethylene, for recycling, unsorted;36290026.6666666;technosphere;US
1298e952ab16e3caf181837ae97de4f7;glass production, for liquid crystal display;GLO;glass, for liquid crystal display;;[('ISIC rev.4 ecoinvent', '2310:Manufacture of glass and glass products'), ('EcoSpold01Categories', 'electronics/component'), ('CPC', '3719: Other glass articles')];market for waste polyethylene, for recycling, unsorted;-8.34445404474537e-06;kilogram;waste polyethylene, for recycling, unsorted;696857.05;technosphere;RoW
1298e952ab16e3caf181837ae97de4f7;glass production, for liquid crystal display;GLO;glass, for liquid crystal display;;[('ISIC rev.4 ecoinvent', '2310:Manufacture of glass and glass products'), ('EcoSpold01Categories', 'electronics/component'), ('CPC', '3719: Other glass articles')];market for waste polyethylene, for recycling, unsorted;-1.9226869277006e-08;kilogram;waste polyethylene, for recycling, unsorted;6271713.45;technosphere;CH
1298e952ab16e3caf181837ae97de4f7;glass production, for liquid crystal display;GLO;glass, for liquid crystal display;;[('ISIC rev.4 ecoinvent', '2310:Manufacture of glass and glass products'), ('EcoSpold01Categories', 'electronics/component'), ('CPC', '3719: Other glass articles')];market for waste polyethylene, for recycling, unsorted;-6.38863671826686e-06;kilogram;waste polyethylene, for recycling, unsorted;6271713.45;technosphere;Europe without Switzerland
1298e952ab16e3caf181837ae97de4f7;glass production, for liquid crystal display;GLO;glass, for liquid crystal display;;[('ISIC rev.4 ecoinvent', '2310:Manufacture of glass and glass products'), ('EcoSpold01Categories', 'electronics/component'), ('CPC', '3719: Other glass articles')];market for waste polyethylene, for recycling, unsorted;-1.93659065548356e-06;kilogram;waste polyethylene, for recycling, unsorted;6271713.45;technosphere;US
1f486c75ac51cf611045915496de7205;market for waste brick;RoW;waste brick;;[('ISIC rev.4 ecoinvent', '3821:Treatment and disposal of non-hazardous waste'), ('EcoSpold01Categories', 'waste management/building demolition'), ('CPC', '39990: Other wastes n.e.c.')];treatment of waste brick, recycling;-0.415160740730075;kilogram;waste brick;297726340071.75;technosphere;RoW
1f7efa2074b28a0fef647d621201fe57;treatment of aluminium scrap, post-consumer, prepared for recycling, at refiner;RoW;iron scrap, unsorted;;[('EcoSpold01Categories', 'metals/extraction'), ('ISIC rev.4 ecoinvent', '2420:Manufacture of basic precious and other non-ferrous metals'), ('CPC', '39310: Slag, dross, scalings and other waste from the manufacture of iron or steel')];market for waste polyethylene, for recycling, unsorted;-4.02620607836428e-09;kilogram;waste polyethylene, for recycling, unsorted;696857.05;technosphere;RoW
1f7efa2074b28a0fef647d621201fe57;treatment of aluminium scrap, post-consumer, prepared for recycling, at refiner;RoW;iron scrap, unsorted;;[('EcoSpold01Categories', 'metals/extraction'), ('ISIC rev.4 ecoinvent', '2420:Manufacture of basic precious and other non-ferrous metals'), ('CPC', '39310: Slag, dross, scalings and other waste from the manufacture of iron or steel')];market for waste polyethylene, for recycling, unsorted;-2.13628831563696e-10;kilogram;waste polyethylene, for recycling, unsorted;6271713.45;technosphere;CH
1f7efa2074b28a0fef647d621201fe57;treatment of aluminium scrap, post-consumer, prepared for recycling, at refiner;RoW;iron scrap, unsorted;;[('EcoSpold01Categories', 'metals/extraction'), ('ISIC rev.4 ecoinvent', '2420:Manufacture of basic precious and other non-ferrous metals'), ('CPC', '39310: Slag, dross, scalings and other waste from the manufacture of iron or steel')];market for waste polyethylene, for recycling, unsorted;-7.09838392171562e-08;kilogram;waste polyethylene, for recycling, unsorted;6271713.45;technosphere;Europe without Switzerland
1f7efa2074b28a0fef647d621201fe57;treatment of aluminium scrap, post-consumer, prepared for recycling, at refiner;RoW;iron scrap, unsorted;;[('EcoSpold01Categories', 'metals/extraction'), ('ISIC rev.4 ecoinvent', '2420:Manufacture of basic precious and other non-ferrous metals'), ('CPC', '39310: Slag, dross, scalings and other waste from the manufacture of iron or steel')];market for waste polyethylene, for recycling, unsorted;-2.15173668155583e-08;kilogram;waste polyethylene, for recycling, unsorted;6271713.45;technosphere;US
1f7efa2074b28a0fef647d621201fe57;treatment of aluminium scrap, post-consumer, prepared for recycling, at refiner;RoW;iron scrap, unsorted;;[('EcoSpold01Categories', 'metals/extraction'), ('ISIC rev.4 ecoinvent', '2420:Manufacture of basic precious and other non-ferrous metals'), ('CPC', '39310: Slag, dross, scalings and other waste from the manufacture of iron or steel')];treatment of waste reinforcement steel, recycling;-0.000126748350514285;kilogram;waste reinforcement steel;291996.95;technosphere;RoW
27e6b8e74156001be431c29f3293c8f9;treatment of aluminium scrap, post-consumer, prepared for recycling, at remelter;RoW;aluminium, wrought alloy;;[('ISIC rev.4 ecoinvent', '2420:Manufacture of basic precious and other non-ferrous metals'), ('EcoSpold01Categories', 'metals/extraction'), ('CPC', '4153: Semi-finished products of aluminium or aluminium alloys')];market for waste polyethylene, for recycling, unsorted;-3.5120043849801e-08;kilogram;waste polyethylene, for recycling, unsorted;696857.05;technosphere;RoW
27e6b8e74156001be431c29f3293c8f9;treatment of aluminium scrap, post-consumer, prepared for recycling, at remelter;RoW;aluminium, wrought alloy;;[('ISIC rev.4 ecoinvent', '2420:Manufacture of basic precious and other non-ferrous metals'), ('EcoSpold01Categories', 'metals/extraction'), ('CPC', '4153: Semi-finished products of aluminium or aluminium alloys')];market for waste polyethylene, for recycling, unsorted;-1.86345502094787e-09;kilogram;waste polyethylene, for recycling, unsorted;6271713.45;technosphere;CH
27e6b8e74156001be431c29f3293c8f9;treatment of aluminium scrap, post-consumer, prepared for recycling, at remelter;RoW;aluminium, wrought alloy;;[('ISIC rev.4 ecoinvent', '2420:Manufacture of basic precious and other non-ferrous metals'), ('EcoSpold01Categories', 'metals/extraction'), ('CPC', '4153: Semi-finished products of aluminium or aluminium alloys')];market for waste polyethylene, for recycling, unsorted;-6.19182301504686e-07;kilogram;waste polyethylene, for recycling, unsorted;6271713.45;technosphere;Europe without Switzerland
27e6b8e74156001be431c29f3293c8f9;treatment of aluminium scrap, post-consumer, prepared for recycling, at remelter;RoW;aluminium, wrought alloy;;[('ISIC rev.4 ecoinvent', '2420:Manufacture of basic precious and other non-ferrous metals'), ('EcoSpold01Categories', 'metals/extraction'), ('CPC', '4153: Semi-finished products of aluminium or aluminium alloys')];market for waste polyethylene, for recycling, unsorted;-1.87693041882663e-07;kilogram;waste polyethylene, for recycling, unsorted;6271713.45;technosphere;US
27e6b8e74156001be431c29f3293c8f9;treatment of aluminium scrap, post-consumer, prepared for recycling, at remelter;RoW;aluminium, wrought alloy;;[('ISIC rev.4 ecoinvent', '2420:Manufacture of basic precious and other non-ferrous metals'), ('EcoSpold01Categories', 'metals/extraction'), ('CPC', '4153: Semi-finished products of aluminium or aluminium alloys')];treatment of waste reinforcement steel, recycling;-0.00110560849129712;kilogram;waste reinforcement steel;291996.95;technosphere;RoW
2b3cda59915dfe36d3001c10da7cac53;market for waste brick;CH;waste brick;;[('EcoSpold01Categories', 'waste management/building demolition'), ('ISIC rev.4 ecoinvent', '3821:Treatment and disposal of non-hazardous waste'), ('CPC', '39990: Other wastes n.e.c.')];treatment of waste brick, recycling;-0.53;kilogram;waste brick;753660000.0;technosphere;CH
34519a0a0239648be540cb35f95076a6;treatment of waste plastic, mixture, municipal incineration;RoW;electricity, for reuse in municipal waste incineration only;;[('ISIC rev.4 ecoinvent', '3821:Treatment and disposal of non-hazardous waste'), ('CPC', '17100: Electrical energy')];market for waste polyethylene, for recycling, unsorted;-8.23175950063189e-08;kilogram;waste polyethylene, for recycling, unsorted;4948640.0;technosphere;RoW
34519a0a0239648be540cb35f95076a6;treatment of waste plastic, mixture, municipal incineration;RoW;electricity, for reuse in municipal waste incineration only;;[('ISIC rev.4 ecoinvent', '3821:Treatment and disposal of non-hazardous waste'), ('CPC', '17100: Electrical energy')];market for waste polyethylene, for recycling, unsorted;-7.26243402136741e-12;kilogram;waste polyethylene, for recycling, unsorted;6271713.45;technosphere;CH
34519a0a0239648be540cb35f95076a6;treatment of waste plastic, mixture, municipal incineration;RoW;electricity, for reuse in municipal waste incineration only;;[('ISIC rev.4 ecoinvent', '3821:Treatment and disposal of non-hazardous waste'), ('CPC', '17100: Electrical energy')];market for waste polyethylene, for recycling, unsorted;-2.41313611615314e-09;kilogram;waste polyethylene, for recycling, unsorted;6271713.45;technosphere;Europe without Switzerland
34519a0a0239648be540cb35f95076a6;treatment of waste plastic, mixture, municipal incineration;RoW;electricity, for reuse in municipal waste incineration only;;[('ISIC rev.4 ecoinvent', '3821:Treatment and disposal of non-hazardous waste'), ('CPC', '17100: Electrical energy')];market for waste polyethylene, for recycling, unsorted;-7.31495162276161e-10;kilogram;waste polyethylene, for recycling, unsorted;6271713.45;technosphere;US
34519a0a0239648be540cb35f95076a6;treatment of waste plastic, mixture, municipal incineration;RoW;electricity, for reuse in municipal waste incineration only;;[('ISIC rev.4 ecoinvent', '3821:Treatment and disposal of non-hazardous waste'), ('CPC', '17100: Electrical energy')];treatment of waste reinforcement steel, recycling;-9.28130668487414e-06;kilogram;waste reinforcement steel;291996.95;technosphere;RoW
435763dd1dd268180a093a3969d4af4f;market for waste reinforcement steel;CH;waste reinforcement steel;;[('ISIC rev.4 ecoinvent', '3821:Treatment and disposal of non-hazardous waste'), ('EcoSpold01Categories', 'waste management/building demolition'), ('CPC', '39310: Slag, dross, scalings and other waste from the manufacture of iron or steel')];treatment of waste reinforcement steel, recycling;-0.62;kilogram;waste reinforcement steel;19344000.0;technosphere;CH
4526dcb9fc885aa8392f53df904e8e6a;treatment of aluminium scrap, post-consumer, prepared for recycling, at remelter;RER;aluminium, wrought alloy;;[('ISIC rev.4 ecoinvent', '2420:Manufacture of basic precious and other non-ferrous metals'), ('EcoSpold01Categories', 'metals/extraction'), ('CPC', '4153: Semi-finished products of aluminium or aluminium alloys')];market for waste polyethylene, for recycling, unsorted;-3.5120043849801e-08;kilogram;waste polyethylene, for recycling, unsorted;696857.05;technosphere;RoW
4526dcb9fc885aa8392f53df904e8e6a;treatment of aluminium scrap, post-consumer, prepared for recycling, at remelter;RER;aluminium, wrought alloy;;[('ISIC rev.4 ecoinvent', '2420:Manufacture of basic precious and other non-ferrous metals'), ('EcoSpold01Categories', 'metals/extraction'), ('CPC', '4153: Semi-finished products of aluminium or aluminium alloys')];market for waste polyethylene, for recycling, unsorted;-1.86345502094787e-09;kilogram;waste polyethylene, for recycling, unsorted;6271713.45;technosphere;CH
4526dcb9fc885aa8392f53df904e8e6a;treatment of aluminium scrap, post-consumer, prepared for recycling, at remelter;RER;aluminium, wrought alloy;;[('ISIC rev.4 ecoinvent', '2420:Manufacture of basic precious and other non-ferrous metals'), ('EcoSpold01Categories', 'metals/extraction'), ('CPC', '4153: Semi-finished products of aluminium or aluminium alloys')];market for waste polyethylene, for recycling, unsorted;-6.19182301504686e-07;kilogram;waste polyethylene, for recycling, unsorted;6271713.45;technosphere;Europe without Switzerland
4526dcb9fc885aa8392f53df904e8e6a;treatment of aluminium scrap, post-consumer, prepared for recycling, at remelter;RER;aluminium, wrought alloy;;[('ISIC rev.4 ecoinvent', '2420:Manufacture of basic precious and other non-ferrous metals'), ('EcoSpold01Categories', 'metals/extraction'), ('CPC', '4153: Semi-finished products of aluminium or aluminium alloys')];market for waste polyethylene, for recycling, unsorted;-1.87693041882663e-07;kilogram;waste polyethylene, for recycling, unsorted;6271713.45;technosphere;US
4526dcb9fc885aa8392f53df904e8e6a;treatment of aluminium scrap, post-consumer, prepared for recycling, at remelter;RER;aluminium, wrought alloy;;[('ISIC rev.4 ecoinvent', '2420:Manufacture of basic precious and other non-ferrous metals'), ('EcoSpold01Categories', 'metals/extraction'), ('CPC', '4153: Semi-finished products of aluminium or aluminium alloys')];treatment of waste reinforcement steel, recycling;-0.00110560849129712;kilogram;waste reinforcement steel;291996.95;technosphere;RoW
455ce4911584b4bb8f5ce3444834bef6;fish freezing, small fish;RoW;fish freezing, small fish;;[('ISIC rev.4 ecoinvent', '1020:Processing and preserving of fish, crustaceans and molluscs'), ('CPC', '21222: Fish fillets, frozen')];market for waste polyethylene, for recycling, unsorted;-0.000184308473251871;kilogram;waste polyethylene, for recycling, unsorted;124448400.0;technosphere;CH
455ce4911584b4bb8f5ce3444834bef6;fish freezing, small fish;RoW;fish freezing, small fish;;[('ISIC rev.4 ecoinvent', '1020:Processing and preserving of fish, crustaceans and molluscs'), ('CPC', '21222: Fish fillets, frozen')];market for waste polyethylene, for recycling, unsorted;-0.0612413733479113;kilogram;waste polyethylene, for recycling, unsorted;124448400.0;technosphere;Europe without Switzerland
455ce4911584b4bb8f5ce3444834bef6;fish freezing, small fish;RoW;fish freezing, small fish;;[('ISIC rev.4 ecoinvent', '1020:Processing and preserving of fish, crustaceans and molluscs'), ('CPC', '21222: Fish fillets, frozen')];market for waste polyethylene, for recycling, unsorted;-0.0185641282459272;kilogram;waste polyethylene, for recycling, unsorted;124448400.0;technosphere;US
47be9a0fed3db7bc2df53b506e782e75;treatment of waste graphical paper, municipal incineration with fly ash extraction;CH;electricity, for reuse in municipal waste incineration only;;[('ISIC rev.4 ecoinvent', '3821:Treatment and disposal of non-hazardous waste'), ('CPC', '17100: Electrical energy')];market for waste polyethylene, for recycling, unsorted;-1.09134760016776e-14;kilogram;waste polyethylene, for recycling, unsorted;696857.05;technosphere;RoW
47be9a0fed3db7bc2df53b506e782e75;treatment of waste graphical paper, municipal incineration with fly ash extraction;CH;electricity, for reuse in municipal waste incineration only;;[('ISIC rev.4 ecoinvent', '3821:Treatment and disposal of non-hazardous waste'), ('CPC', '17100: Electrical energy')];market for waste polyethylene, for recycling, unsorted;-1.15814949653605e-14;kilogram;waste polyethylene, for recycling, unsorted;6271713.45;technosphere;Europe without Switzerland
47be9a0fed3db7bc2df53b506e782e75;treatment of waste graphical paper, municipal incineration with fly ash extraction;CH;electricity, for reuse in municipal waste incineration only;;[('ISIC rev.4 ecoinvent', '3821:Treatment and disposal of non-hazardous waste'), ('CPC', '17100: Electrical energy')];market for waste polyethylene, for recycling, unsorted;-3.5107043827234e-15;kilogram;waste polyethylene, for recycling, unsorted;6271713.45;technosphere;US
4bd93ae40e49094cc554f0e7e21d0f78;fish canning, large fish;EC;fish canning, large fish;;[('ISIC rev.4 ecoinvent', '1020:Processing and preserving of fish, crustaceans and molluscs'), ('CPC', '212: Prepared and preserved fish, crustaceans, molluscs and other aquatic invertebrates')];market for waste polyethylene, for recycling, unsorted;-0.0125583401855381;kilogram;waste polyethylene, for recycling, unsorted;4948640.0;technosphere;RoW
4cedea06249129f96f5ca69d27e4417e;treatment of waste glass from unsorted public collection, sorting;RER;glass cullet, sorted;;"[('EcoSpold01Categories', 'glass/packaging'), ('ISIC rev.4 ecoinvent', '3830:Materials recovery'), ('CPC', '37111: Glass in the mass, in balls (except microspheres), rods or tubes, unworked; waste and scrap of glass')]";market for waste polyethylene, for recycling, unsorted;-8.32364493241433e-07;kilogram;waste polyethylene, for recycling, unsorted;696857.05;technosphere;RoW
4cedea06249129f96f5ca69d27e4417e;treatment of waste glass from unsorted public collection, sorting;RER;glass cullet, sorted;;"[('EcoSpold01Categories', 'glass/packaging'), ('ISIC rev.4 ecoinvent', '3830:Materials recovery'), ('CPC', '37111: Glass in the mass, in balls (except microspheres), rods or tubes, unworked; waste and scrap of glass')]";market for waste polyethylene, for recycling, unsorted;-1.91789219720758e-09;kilogram;waste polyethylene, for recycling, unsorted;6271713.45;technosphere;CH
4cedea06249129f96f5ca69d27e4417e;treatment of waste glass from unsorted public collection, sorting;RER;glass cullet, sorted;;"[('EcoSpold01Categories', 'glass/packaging'), ('ISIC rev.4 ecoinvent', '3830:Materials recovery'), ('CPC', '37111: Glass in the mass, in balls (except microspheres), rods or tubes, unworked; waste and scrap of glass')]";market for waste polyethylene, for recycling, unsorted;-6.37270495587717e-07;kilogram;waste polyethylene, for recycling, unsorted;6271713.45;technosphere;Europe without Switzerland
4cedea06249129f96f5ca69d27e4417e;treatment of waste glass from unsorted public collection, sorting;RER;glass cullet, sorted;;"[('EcoSpold01Categories', 'glass/packaging'), ('ISIC rev.4 ecoinvent', '3830:Materials recovery'), ('CPC', '37111: Glass in the mass, in balls (except microspheres), rods or tubes, unworked; waste and scrap of glass')]";market for waste polyethylene, for recycling, unsorted;-1.93176125235268e-07;kilogram;waste polyethylene, for recycling, unsorted;6271713.45;technosphere;US
56fa65309c28e7a51fdb6726084dc3d6;fish curing, small fish;RoW;fish residues;;[('ISIC rev.4 ecoinvent', '1020:Processing and preserving of fish, crustaceans and molluscs'), ('CPC', '21221: Fish fillets and fish meat (whether or not minced), fresh or chilled')];market for waste polyethylene, for recycling, unsorted;-2.973931588295e-09;kilogram;waste polyethylene, for recycling, unsorted;6271713.45;technosphere;CH
56fa65309c28e7a51fdb6726084dc3d6;fish curing, small fish;RoW;fish residues;;[('ISIC rev.4 ecoinvent', '1020:Processing and preserving of fish, crustaceans and molluscs'), ('CPC', '21221: Fish fillets and fish meat (whether or not minced), fresh or chilled')];market for waste polyethylene, for recycling, unsorted;-9.88167562220703e-07;kilogram;waste polyethylene, for recycling, unsorted;6271713.45;technosphere;Europe without Switzerland
56fa65309c28e7a51fdb6726084dc3d6;fish curing, small fish;RoW;fish residues;;[('ISIC rev.4 ecoinvent', '1020:Processing and preserving of fish, crustaceans and molluscs'), ('CPC', '21221: Fish fillets and fish meat (whether or not minced), fresh or chilled')];market for waste polyethylene, for recycling, unsorted;-2.99543729192937e-07;kilogram;waste polyethylene, for recycling, unsorted;6271713.45;technosphere;US
5e0089607ffc3fd898ec456890760c26;concentrated solar power plant, solar thermal parabolic trough, 50 MW;ZA;concentrated solar power plant, solar thermal parabolic trough, 50 MW;;[('ISIC rev.4 ecoinvent', '4220a: Construction of utility projects for electricity production, except for liquid fuels')];treatment of waste reinforcement steel, recycling;-2236.84970118189;kilogram;waste reinforcement steel;2236.85;technosphere;RoW
60180a6235425122a86f452a9f5f93c9;treatment of waste graphical paper, municipal incineration;RoW;electricity, for reuse in municipal waste incineration only;;[('ISIC rev.4 ecoinvent', '3821:Treatment and disposal of non-hazardous waste'), ('CPC', '17100: Electrical energy')];market for waste polyethylene, for recycling, unsorted;-3.31060321896828e-09;kilogram;waste polyethylene, for recycling, unsorted;4948640.0;technosphere;RoW
60180a6235425122a86f452a9f5f93c9;treatment of waste graphical paper, municipal incineration;RoW;electricity, for reuse in municipal waste incineration only;;[('ISIC rev.4 ecoinvent', '3821:Treatment and disposal of non-hazardous waste'), ('CPC', '17100: Electrical energy')];market for waste polyethylene, for recycling, unsorted;-2.6122453698288e-11;kilogram;waste polyethylene, for recycling, unsorted;6271713.45;technosphere;CH
60180a6235425122a86f452a9f5f93c9;treatment of waste graphical paper, municipal incineration;RoW;electricity, for reuse in municipal waste incineration only;;[('ISIC rev.4 ecoinvent', '3821:Treatment and disposal of non-hazardous waste'), ('CPC', '17100: Electrical energy')];market for waste polyethylene, for recycling, unsorted;-8.67987733539613e-09;kilogram;waste polyethylene, for recycling, unsorted;6271713.45;technosphere;Europe without Switzerland
60180a6235425122a86f452a9f5f93c9;treatment of waste graphical paper, municipal incineration;RoW;electricity, for reuse in municipal waste incineration only;;[('ISIC rev.4 ecoinvent', '3821:Treatment and disposal of non-hazardous waste'), ('CPC', '17100: Electrical energy')];market for waste polyethylene, for recycling, unsorted;-2.63113557394947e-09;kilogram;waste polyethylene, for recycling, unsorted;6271713.45;technosphere;US
60180a6235425122a86f452a9f5f93c9;treatment of waste graphical paper, municipal incineration;RoW;electricity, for reuse in municipal waste incineration only;;[('ISIC rev.4 ecoinvent', '3821:Treatment and disposal of non-hazardous waste'), ('CPC', '17100: Electrical energy')];treatment of waste reinforcement steel, recycling;-2.4899795810783e-05;kilogram;waste reinforcement steel;291996.95;technosphere;RoW
61de133e834033c115bdbc2e24c34b69;treatment of waste plastic, mixture, municipal incineration;RoW;heat, for reuse in municipal waste incineration only;;[('ISIC rev.4 ecoinvent', '3821:Treatment and disposal of non-hazardous waste'), ('CPC', '17300: Steam and hot water')];market for waste polyethylene, for recycling, unsorted;-4.26581535386427e-09;kilogram;waste polyethylene, for recycling, unsorted;4948640.0;technosphere;RoW
61de133e834033c115bdbc2e24c34b69;treatment of waste plastic, mixture, municipal incineration;RoW;heat, for reuse in municipal waste incineration only;;[('ISIC rev.4 ecoinvent', '3821:Treatment and disposal of non-hazardous waste'), ('CPC', '17300: Steam and hot water')];market for waste polyethylene, for recycling, unsorted;-3.66690626531156e-13;kilogram;waste polyethylene, for recycling, unsorted;6271713.45;technosphere;CH
61de133e834033c115bdbc2e24c34b69;treatment of waste plastic, mixture, municipal incineration;RoW;heat, for reuse in municipal waste incineration only;;[('ISIC rev.4 ecoinvent', '3821:Treatment and disposal of non-hazardous waste'), ('CPC', '17300: Steam and hot water')];market for waste polyethylene, for recycling, unsorted;-1.21842675848578e-10;kilogram;waste polyethylene, for recycling, unsorted;6271713.45;technosphere;Europe without Switzerland
61de133e834033c115bdbc2e24c34b69;treatment of waste plastic, mixture, municipal incineration;RoW;heat, for reuse in municipal waste incineration only;;[('ISIC rev.4 ecoinvent', '3821:Treatment and disposal of non-hazardous waste'), ('CPC', '17300: Steam and hot water')];market for waste polyethylene, for recycling, unsorted;-3.69342314946154e-11;kilogram;waste polyethylene, for recycling, unsorted;6271713.45;technosphere;US
61de133e834033c115bdbc2e24c34b69;treatment of waste plastic, mixture, municipal incineration;RoW;heat, for reuse in municipal waste incineration only;;[('ISIC rev.4 ecoinvent', '3821:Treatment and disposal of non-hazardous waste'), ('CPC', '17300: Steam and hot water')];treatment of waste reinforcement steel, recycling;-4.67039571363161e-07;kilogram;waste reinforcement steel;291996.95;technosphere;RoW
634ad738e6f09fcedbb7b311572af621;treatment of waste polyethylene, for recycling, unsorted, sorting;Europe without Switzerland;waste polyethylene, for recycling, sorted;;[('ISIC rev.4 ecoinvent', '3811:Collection of non-hazardous waste'), ('CPC', '39270: Waste, parings and scrap of plastics')];market for waste polyethylene, for recycling, unsorted;-1.2881433896838e-08;kilogram;waste polyethylene, for recycling, unsorted;36290026.6666666;technosphere;CH
634ad738e6f09fcedbb7b311572af621;treatment of waste polyethylene, for recycling, unsorted, sorting;Europe without Switzerland;waste polyethylene, for recycling, sorted;;[('ISIC rev.4 ecoinvent', '3811:Collection of non-hazardous waste'), ('CPC', '39270: Waste, parings and scrap of plastics')];market for waste polyethylene, for recycling, unsorted;-4.28019769581966e-06;kilogram;waste polyethylene, for recycling, unsorted;36290026.6666666;technosphere;Europe without Switzerland
634ad738e6f09fcedbb7b311572af621;treatment of waste polyethylene, for recycling, unsorted, sorting;Europe without Switzerland;waste polyethylene, for recycling, sorted;;[('ISIC rev.4 ecoinvent', '3811:Collection of non-hazardous waste'), ('CPC', '39270: Waste, parings and scrap of plastics')];market for waste polyethylene, for recycling, unsorted;-1.29745847617945e-06;kilogram;waste polyethylene, for recycling, unsorted;36290026.6666666;technosphere;US
673c04e2d1843dfc5e167fc11a11f4ba;market for waste cement-fibre slab;CH;waste cement-fibre slab;;[('ISIC rev.4 ecoinvent', '3821:Treatment and disposal of non-hazardous waste'), ('CPC', '39: Wastes or scraps')];treatment of waste cement-fibre slab, recycling;-0.5;kilogram;waste cement-fibre slab;50.0;technosphere;CH
67e2a9c77598fa23c3f43193d3d2c8b5;market for waste reinforced concrete;RoW;waste reinforced concrete;;[('EcoSpold01Categories', 'waste management/building demolition'), ('ISIC rev.4 ecoinvent', '3821:Treatment and disposal of non-hazardous waste'), ('CPC', '39: Wastes or scraps')];treatment of waste reinforced concrete, recycling;-0.424383935694234;kilogram;waste reinforced concrete;495400166666.667;technosphere;RoW
68ded03fa2b659f44ec932367ddf624c;market for waste concrete, not reinforced;Europe without Switzerland;waste concrete, not reinforced;;[('EcoSpold01Categories', 'waste management/building demolition'), ('ISIC rev.4 ecoinvent', '3821:Treatment and disposal of non-hazardous waste'), ('CPC', '39: Wastes or scraps')];treatment of waste concrete, not reinforced, recycling;-0.202491021624513;kilogram;waste concrete, not reinforced;16562500000.0;technosphere;Europe without Switzerland
6a4310b1a90aa711ad12a5c6a44d32a5;market for waste concrete, not reinforced;RoW;waste concrete, not reinforced;;[('EcoSpold01Categories', 'waste management/building demolition'), ('ISIC rev.4 ecoinvent', '3821:Treatment and disposal of non-hazardous waste'), ('CPC', '39: Wastes or scraps')];treatment of waste concrete, not reinforced, recycling;-0.424383935694234;kilogram;waste concrete, not reinforced;495400166666.667;technosphere;RoW
6cc3c7d26944df0a7565c1fa117bab5b;fish curing, small fish;PE;fish residues;;[('ISIC rev.4 ecoinvent', '1020:Processing and preserving of fish, crustaceans and molluscs'), ('CPC', '21221: Fish fillets and fish meat (whether or not minced), fresh or chilled')];market for waste polyethylene, for recycling, unsorted;-1.2906851923325e-06;kilogram;waste polyethylene, for recycling, unsorted;696857.05;technosphere;RoW
6dafa45760b79efc48b93bd203845145;market for waste reinforcement steel;RoW;waste reinforcement steel;;[('ISIC rev.4 ecoinvent', '3821:Treatment and disposal of non-hazardous waste'), ('EcoSpold01Categories', 'waste management/building demolition'), ('CPC', '39310: Slag, dross, scalings and other waste from the manufacture of iron or steel')];treatment of waste reinforcement steel, recycling;-0.410058330709671;kilogram;waste reinforcement steel;18377186786.52;technosphere;RoW
6fee6eaebcbf721bae307bede3ed46e0;treatment of waste paint, municipal incineration;RoW;electricity, for reuse in municipal waste incineration only;;[('ISIC rev.4 ecoinvent', '3821:Treatment and disposal of non-hazardous waste'), ('CPC', '17100: Electrical energy')];treatment of waste reinforcement steel, recycling;-0.00350755018732386;kilogram;waste reinforcement steel;6392695.05;technosphere;RoW
7033f50896f91e4a4b5f0f3e6c6d6379;treatment of aluminium scrap, post-consumer, prepared for recycling, at refiner;RER;aluminium oxide;;[('EcoSpold01Categories', 'metals/extraction'), ('ISIC rev.4 ecoinvent', '2420:Manufacture of basic precious and other non-ferrous metals'), ('CPC', '41432: Alumina (aluminium oxide), except artificial corundum')];market for waste polyethylene, for recycling, unsorted;-6.82607207334457e-09;kilogram;waste polyethylene, for recycling, unsorted;696857.05;technosphere;RoW
7033f50896f91e4a4b5f0f3e6c6d6379;treatment of aluminium scrap, post-consumer, prepared for recycling, at refiner;RER;aluminium oxide;;[('EcoSpold01Categories', 'metals/extraction'), ('ISIC rev.4 ecoinvent', '2420:Manufacture of basic precious and other non-ferrous metals'), ('CPC', '41432: Alumina (aluminium oxide), except artificial corundum')];market for waste polyethylene, for recycling, unsorted;-3.62188564821455e-10;kilogram;waste polyethylene, for recycling, unsorted;6271713.45;technosphere;CH
7033f50896f91e4a4b5f0f3e6c6d6379;treatment of aluminium scrap, post-consumer, prepared for recycling, at refiner;RER;aluminium oxide;;[('EcoSpold01Categories', 'metals/extraction'), ('ISIC rev.4 ecoinvent', '2420:Manufacture of basic precious and other non-ferrous metals'), ('CPC', '41432: Alumina (aluminium oxide), except artificial corundum')];market for waste polyethylene, for recycling, unsorted;-1.20346746566898e-07;kilogram;waste polyethylene, for recycling, unsorted;6271713.45;technosphere;Europe without Switzerland
7033f50896f91e4a4b5f0f3e6c6d6379;treatment of aluminium scrap, post-consumer, prepared for recycling, at refiner;RER;aluminium oxide;;[('EcoSpold01Categories', 'metals/extraction'), ('ISIC rev.4 ecoinvent', '2420:Manufacture of basic precious and other non-ferrous metals'), ('CPC', '41432: Alumina (aluminium oxide), except artificial corundum')];market for waste polyethylene, for recycling, unsorted;-3.64807697005082e-08;kilogram;waste polyethylene, for recycling, unsorted;6271713.45;technosphere;US
7033f50896f91e4a4b5f0f3e6c6d6379;treatment of aluminium scrap, post-consumer, prepared for recycling, at refiner;RER;aluminium oxide;;[('EcoSpold01Categories', 'metals/extraction'), ('ISIC rev.4 ecoinvent', '2420:Manufacture of basic precious and other non-ferrous metals'), ('CPC', '41432: Alumina (aluminium oxide), except artificial corundum')];treatment of waste reinforcement steel, recycling;-0.000214890484726393;kilogram;waste reinforcement steel;291996.95;technosphere;RoW
718e01b322bc8a40c43b55f956e98be5;fish canning, large fish;RoW;fish canning, large fish;;[('ISIC rev.4 ecoinvent', '1020:Processing and preserving of fish, crustaceans and molluscs'), ('CPC', '212: Prepared and preserved fish, crustaceans, molluscs and other aquatic invertebrates')];market for waste polyethylene, for recycling, unsorted;-2.89362927002604e-05;kilogram;waste polyethylene, for recycling, unsorted;36290026.6666666;technosphere;CH
718e01b322bc8a40c43b55f956e98be5;fish canning, large fish;RoW;fish canning, large fish;;[('ISIC rev.4 ecoinvent', '1020:Processing and preserving of fish, crustaceans and molluscs'), ('CPC', '212: Prepared and preserved fish, crustaceans, molluscs and other aquatic invertebrates')];market for waste polyethylene, for recycling, unsorted;-0.0096148498942823;kilogram;waste polyethylene, for recycling, unsorted;36290026.6666666;technosphere;Europe without Switzerland
718e01b322bc8a40c43b55f956e98be5;fish canning, large fish;RoW;fish canning, large fish;;[('ISIC rev.4 ecoinvent', '1020:Processing and preserving of fish, crustaceans and molluscs'), ('CPC', '212: Prepared and preserved fish, crustaceans, molluscs and other aquatic invertebrates')];market for waste polyethylene, for recycling, unsorted;-0.00291455427507788;kilogram;waste polyethylene, for recycling, unsorted;36290026.6666666;technosphere;US
7b7e08b61ef14d382826d856983a35f8;metalliferous hydroxide sludge to market for zinc concentrate;GLO;zinc concentrate;;[('ISIC rev.4 ecoinvent', '3821:Treatment and disposal of non-hazardous waste'), ('CPC', '14290: Other non-ferrous metal ores and concentrates (other than uranium or thorium ores and concentrates)')];market for waste polyethylene, for recycling, unsorted;-7.29470727471736e-09;kilogram;waste polyethylene, for recycling, unsorted;696857.05;technosphere;RoW
7b7e08b61ef14d382826d856983a35f8;metalliferous hydroxide sludge to market for zinc concentrate;GLO;zinc concentrate;;[('ISIC rev.4 ecoinvent', '3821:Treatment and disposal of non-hazardous waste'), ('CPC', '14290: Other non-ferrous metal ores and concentrates (other than uranium or thorium ores and concentrates)')];market for waste polyethylene, for recycling, unsorted;-3.87054155044685e-10;kilogram;waste polyethylene, for recycling, unsorted;6271713.45;technosphere;CH
7b7e08b61ef14d382826d856983a35f8;metalliferous hydroxide sludge to market for zinc concentrate;GLO;zinc concentrate;;[('ISIC rev.4 ecoinvent', '3821:Treatment and disposal of non-hazardous waste'), ('CPC', '14290: Other non-ferrous metal ores and concentrates (other than uranium or thorium ores and concentrates)')];market for waste polyethylene, for recycling, unsorted;-1.28608997713084e-07;kilogram;waste polyethylene, for recycling, unsorted;6271713.45;technosphere;Europe without Switzerland
7b7e08b61ef14d382826d856983a35f8;metalliferous hydroxide sludge to market for zinc concentrate;GLO;zinc concentrate;;[('ISIC rev.4 ecoinvent', '3821:Treatment and disposal of non-hazardous waste'), ('CPC', '14290: Other non-ferrous metal ores and concentrates (other than uranium or thorium ores and concentrates)')];market for waste polyethylene, for recycling, unsorted;-3.89853100380753e-08;kilogram;waste polyethylene, for recycling, unsorted;6271713.45;technosphere;US
81df522d928a68569dac7d9a9812fecf;treatment of aluminium scrap, post-consumer, prepared for recycling, at refiner;RoW;aluminium, cast alloy;;[('EcoSpold01Categories', 'metals/extraction'), ('ISIC rev.4 ecoinvent', '2420:Manufacture of basic precious and other non-ferrous metals'), ('CPC', '41431: Unwrought aluminium')];market for waste polyethylene, for recycling, unsorted;-3.16924774833855e-08;kilogram;waste polyethylene, for recycling, unsorted;696857.05;technosphere;RoW
81df522d928a68569dac7d9a9812fecf;treatment of aluminium scrap, post-consumer, prepared for recycling, at refiner;RoW;aluminium, cast alloy;;[('EcoSpold01Categories', 'metals/extraction'), ('ISIC rev.4 ecoinvent', '2420:Manufacture of basic precious and other non-ferrous metals'), ('CPC', '41431: Unwrought aluminium')];market for waste polyethylene, for recycling, unsorted;-1.68158976524247e-09;kilogram;waste polyethylene, for recycling, unsorted;6271713.45;technosphere;CH
81df522d928a68569dac7d9a9812fecf;treatment of aluminium scrap, post-consumer, prepared for recycling, at refiner;RoW;aluminium, cast alloy;;[('EcoSpold01Categories', 'metals/extraction'), ('ISIC rev.4 ecoinvent', '2420:Manufacture of basic precious and other non-ferrous metals'), ('CPC', '41431: Unwrought aluminium')];market for waste polyethylene, for recycling, unsorted;-5.58752751917742e-07;kilogram;waste polyethylene, for recycling, unsorted;6271713.45;technosphere;Europe without Switzerland
81df522d928a68569dac7d9a9812fecf;treatment of aluminium scrap, post-consumer, prepared for recycling, at refiner;RoW;aluminium, cast alloy;;[('EcoSpold01Categories', 'metals/extraction'), ('ISIC rev.4 ecoinvent', '2420:Manufacture of basic precious and other non-ferrous metals'), ('CPC', '41431: Unwrought aluminium')];market for waste polyethylene, for recycling, unsorted;-1.69375002180931e-07;kilogram;waste polyethylene, for recycling, unsorted;6271713.45;technosphere;US
81df522d928a68569dac7d9a9812fecf;treatment of aluminium scrap, post-consumer, prepared for recycling, at refiner;RoW;aluminium, cast alloy;;[('EcoSpold01Categories', 'metals/extraction'), ('ISIC rev.4 ecoinvent', '2420:Manufacture of basic precious and other non-ferrous metals'), ('CPC', '41431: Unwrought aluminium')];treatment of waste reinforcement steel, recycling;-0.000997705821943965;kilogram;waste reinforcement steel;291996.95;technosphere;RoW
82685221282f1a4136c3af13859cb112;treatment of municipal solid waste, incineration;RoW;iron scrap, sorted, pressed;;[('ISIC rev.4 ecoinvent', '3821:Treatment and disposal of non-hazardous waste'), ('CPC', '39310: Slag, dross, scalings and other waste from the manufacture of iron or steel')];market for waste polyethylene, for recycling, unsorted;-3.24409324009135e-14;kilogram;waste polyethylene, for recycling, unsorted;696857.05;technosphere;RoW
82685221282f1a4136c3af13859cb112;treatment of municipal solid waste, incineration;RoW;iron scrap, sorted, pressed;;[('ISIC rev.4 ecoinvent', '3821:Treatment and disposal of non-hazardous waste'), ('CPC', '39310: Slag, dross, scalings and other waste from the manufacture of iron or steel')];market for waste polyethylene, for recycling, unsorted;-2.90648941048771e-10;kilogram;waste polyethylene, for recycling, unsorted;6271713.45;technosphere;CH
82685221282f1a4136c3af13859cb112;treatment of municipal solid waste, incineration;RoW;iron scrap, sorted, pressed;;[('ISIC rev.4 ecoinvent', '3821:Treatment and disposal of non-hazardous waste'), ('CPC', '39310: Slag, dross, scalings and other waste from the manufacture of iron or steel')];market for waste polyethylene, for recycling, unsorted;-9.65758111816063e-08;kilogram;waste polyethylene, for recycling, unsorted;6271713.45;technosphere;Europe without Switzerland
82685221282f1a4136c3af13859cb112;treatment of municipal solid waste, incineration;RoW;iron scrap, sorted, pressed;;[('ISIC rev.4 ecoinvent', '3821:Treatment and disposal of non-hazardous waste'), ('CPC', '39310: Slag, dross, scalings and other waste from the manufacture of iron or steel')];market for waste polyethylene, for recycling, unsorted;-2.92750741242306e-08;kilogram;waste polyethylene, for recycling, unsorted;6271713.45;technosphere;US
82685221282f1a4136c3af13859cb112;treatment of municipal solid waste, incineration;RoW;iron scrap, sorted, pressed;;[('ISIC rev.4 ecoinvent', '3821:Treatment and disposal of non-hazardous waste'), ('CPC', '39310: Slag, dross, scalings and other waste from the manufacture of iron or steel')];treatment of waste reinforcement steel, recycling;-4.92640212145127e-05;kilogram;waste reinforcement steel;291996.95;technosphere;RoW
9012139176df1140bbb59f725dd2d993;market for waste concrete gravel;CH;waste concrete gravel;;[('ISIC rev.4 ecoinvent', '3821:Treatment and disposal of non-hazardous waste'), ('CPC', '39: Wastes or scraps')];treatment of waste concrete gravel, recycling;-0.41;kilogram;waste concrete gravel;41.0;technosphere;CH
91e9f42881a48729595209abfbad747e;fish freezing, small fish;PE;fish residues;;[('ISIC rev.4 ecoinvent', '1020:Processing and preserving of fish, crustaceans and molluscs'), ('CPC', '21221: Fish fillets and fish meat (whether or not minced), fresh or chilled')];market for waste polyethylene, for recycling, unsorted;-2.72333586719412e-05;kilogram;waste polyethylene, for recycling, unsorted;13827600.0;technosphere;RoW
953eb8b9a13510662c3fd45c14ce2871;market for waste concrete gravel;RoW;waste concrete gravel;;[('EcoSpold01Categories', 'waste management/building demolition'), ('ISIC rev.4 ecoinvent', '3821:Treatment and disposal of non-hazardous waste'), ('CPC', '39: Wastes or scraps')];treatment of waste concrete gravel, recycling;-0.41;kilogram;waste concrete gravel;4830.1601891;technosphere;RoW
993382e259877524fed612bc463d9071;treatment of waste plastic, mixture, municipal incineration with fly ash extraction;CH;electricity, for reuse in municipal waste incineration only;;[('ISIC rev.4 ecoinvent', '3821:Treatment and disposal of non-hazardous waste'), ('CPC', '17100: Electrical energy')];market for waste polyethylene, for recycling, unsorted;-8.65315096297318e-15;kilogram;waste polyethylene, for recycling, unsorted;696857.05;technosphere;RoW
993382e259877524fed612bc463d9071;treatment of waste plastic, mixture, municipal incineration with fly ash extraction;CH;electricity, for reuse in municipal waste incineration only;;[('ISIC rev.4 ecoinvent', '3821:Treatment and disposal of non-hazardous waste'), ('CPC', '17100: Electrical energy')];market for waste polyethylene, for recycling, unsorted;-3.1306355148365e-10;kilogram;waste polyethylene, for recycling, unsorted;6271713.45;technosphere;CH
993382e259877524fed612bc463d9071;treatment of waste plastic, mixture, municipal incineration with fly ash extraction;CH;electricity, for reuse in municipal waste incineration only;;[('ISIC rev.4 ecoinvent', '3821:Treatment and disposal of non-hazardous waste'), ('CPC', '17100: Electrical energy')];market for waste polyethylene, for recycling, unsorted;-1.04023659356305e-07;kilogram;waste polyethylene, for recycling, unsorted;6271713.45;technosphere;Europe without Switzerland
993382e259877524fed612bc463d9071;treatment of waste plastic, mixture, municipal incineration with fly ash extraction;CH;electricity, for reuse in municipal waste incineration only;;[('ISIC rev.4 ecoinvent', '3821:Treatment and disposal of non-hazardous waste'), ('CPC', '17100: Electrical energy')];market for waste polyethylene, for recycling, unsorted;-3.15327440802231e-08;kilogram;waste polyethylene, for recycling, unsorted;6271713.45;technosphere;US
999baf9bbcc4bd2df128312b522ea3b0;fish freezing, small fish;PE;fish freezing, small fish;;[('ISIC rev.4 ecoinvent', '1020:Processing and preserving of fish, crustaceans and molluscs'), ('CPC', '21222: Fish fillets, frozen')];market for waste polyethylene, for recycling, unsorted;-0.0799897699200434;kilogram;waste polyethylene, for recycling, unsorted;13827600.0;technosphere;RoW
9f2c82d0a1256e1ad1cbe1fb339bfa81;receiver system construction, solar tower power plant, 20 MW;ZA;receiver system, solar tower power plant, 20 MW;;[('ISIC rev.4 ecoinvent', '4220a: Construction of utility projects for electricity production, except for liquid fuels'), ('CPC', '53262: Power plants')];treatment of waste reinforcement steel, recycling;-584709.906997843;kilogram;waste reinforcement steel;584778.95;technosphere;RoW
a02907656a04ac823a0616c9650503d0;fish canning, large fish;EC;fish residues;;[('ISIC rev.4 ecoinvent', '1020:Processing and preserving of fish, crustaceans and molluscs'), ('CPC', '21221: Fish fillets and fish meat (whether or not minced), fresh or chilled')];market for waste polyethylene, for recycling, unsorted;-1.19763626783267e-06;kilogram;waste polyethylene, for recycling, unsorted;4948640.0;technosphere;RoW
a2dff0709489dc6135df0fa46e0d5b14;treatment of waste graphical paper, municipal incineration;RoW;heat, for reuse in municipal waste incineration only;;[('ISIC rev.4 ecoinvent', '3821:Treatment and disposal of non-hazardous waste'), ('CPC', '17300: Steam and hot water')];market for waste polyethylene, for recycling, unsorted;-1.71064572563157e-10;kilogram;waste polyethylene, for recycling, unsorted;4948640.0;technosphere;RoW
a2dff0709489dc6135df0fa46e0d5b14;treatment of waste graphical paper, municipal incineration;RoW;heat, for reuse in municipal waste incineration only;;[('ISIC rev.4 ecoinvent', '3821:Treatment and disposal of non-hazardous waste'), ('CPC', '17300: Steam and hot water')];market for waste polyethylene, for recycling, unsorted;-1.32896699005993e-12;kilogram;waste polyethylene, for recycling, unsorted;6271713.45;technosphere;CH
a2dff0709489dc6135df0fa46e0d5b14;treatment of waste graphical paper, municipal incineration;RoW;heat, for reuse in municipal waste incineration only;;[('ISIC rev.4 ecoinvent', '3821:Treatment and disposal of non-hazardous waste'), ('CPC', '17300: Steam and hot water')];market for waste polyethylene, for recycling, unsorted;-4.41584492396547e-10;kilogram;waste polyethylene, for recycling, unsorted;6271713.45;technosphere;Europe without Switzerland
a2dff0709489dc6135df0fa46e0d5b14;treatment of waste graphical paper, municipal incineration;RoW;heat, for reuse in municipal waste incineration only;;[('ISIC rev.4 ecoinvent', '3821:Treatment and disposal of non-hazardous waste'), ('CPC', '17300: Steam and hot water')];market for waste polyethylene, for recycling, unsorted;-1.33857728854177e-10;kilogram;waste polyethylene, for recycling, unsorted;6271713.45;technosphere;US
a2dff0709489dc6135df0fa46e0d5b14;treatment of waste graphical paper, municipal incineration;RoW;heat, for reuse in municipal waste incineration only;;[('ISIC rev.4 ecoinvent', '3821:Treatment and disposal of non-hazardous waste'), ('CPC', '17300: Steam and hot water')];treatment of waste reinforcement steel, recycling;-1.27176238523139e-06;kilogram;waste reinforcement steel;291996.95;technosphere;RoW
a3d1ce3cc26f952c7cb1723879095738;treatment of waste polyethylene, for recycling, unsorted, sorting;CH;waste polyethylene, for recycling, sorted;;[('ISIC rev.4 ecoinvent', '3811:Collection of non-hazardous waste'), ('CPC', '39270: Waste, parings and scrap of plastics')];market for waste polyethylene, for recycling, unsorted;-1.2881433896838e-08;kilogram;waste polyethylene, for recycling, unsorted;36290026.6666666;technosphere;CH
a3d1ce3cc26f952c7cb1723879095738;treatment of waste polyethylene, for recycling, unsorted, sorting;CH;waste polyethylene, for recycling, sorted;;[('ISIC rev.4 ecoinvent', '3811:Collection of non-hazardous waste'), ('CPC', '39270: Waste, parings and scrap of plastics')];market for waste polyethylene, for recycling, unsorted;-4.28019769581966e-06;kilogram;waste polyethylene, for recycling, unsorted;36290026.6666666;technosphere;Europe without Switzerland
a3d1ce3cc26f952c7cb1723879095738;treatment of waste polyethylene, for recycling, unsorted, sorting;CH;waste polyethylene, for recycling, sorted;;[('ISIC rev.4 ecoinvent', '3811:Collection of non-hazardous waste'), ('CPC', '39270: Waste, parings and scrap of plastics')];market for waste polyethylene, for recycling, unsorted;-1.29745847617945e-06;kilogram;waste polyethylene, for recycling, unsorted;36290026.6666666;technosphere;US
a54dad66f3a9e8651c3f9328336470ec;treatment of copper scrap by electrolytic refining;RER;copper;;"[('EcoSpold01Categories', 'metals/extraction'), ('ISIC rev.4 ecoinvent', '2420:Manufacture of basic precious and other non-ferrous metals'), ('CPC', '41413: Refined copper and copper alloys, unwrought; master alloys of copper')]";market for waste polyethylene, for recycling, unsorted;-3.05228290570809e-06;kilogram;waste polyethylene, for recycling, unsorted;4948640.0;technosphere;RoW
a54dad66f3a9e8651c3f9328336470ec;treatment of copper scrap by electrolytic refining;RER;copper;;"[('EcoSpold01Categories', 'metals/extraction'), ('ISIC rev.4 ecoinvent', '2420:Manufacture of basic precious and other non-ferrous metals'), ('CPC', '41413: Refined copper and copper alloys, unwrought; master alloys of copper')]";market for waste polyethylene, for recycling, unsorted;-7.03291908811823e-09;kilogram;waste polyethylene, for recycling, unsorted;6271713.45;technosphere;CH
a54dad66f3a9e8651c3f9328336470ec;treatment of copper scrap by electrolytic refining;RER;copper;;"[('EcoSpold01Categories', 'metals/extraction'), ('ISIC rev.4 ecoinvent', '2420:Manufacture of basic precious and other non-ferrous metals'), ('CPC', '41413: Refined copper and copper alloys, unwrought; master alloys of copper')]";market for waste polyethylene, for recycling, unsorted;-2.33687369876104e-06;kilogram;waste polyethylene, for recycling, unsorted;6271713.45;technosphere;Europe without Switzerland
a54dad66f3a9e8651c3f9328336470ec;treatment of copper scrap by electrolytic refining;RER;copper;;"[('EcoSpold01Categories', 'metals/extraction'), ('ISIC rev.4 ecoinvent', '2420:Manufacture of basic precious and other non-ferrous metals'), ('CPC', '41413: Refined copper and copper alloys, unwrought; master alloys of copper')]";market for waste polyethylene, for recycling, unsorted;-7.08377697408604e-07;kilogram;waste polyethylene, for recycling, unsorted;6271713.45;technosphere;US
a54dad66f3a9e8651c3f9328336470ec;treatment of copper scrap by electrolytic refining;RER;copper;;"[('EcoSpold01Categories', 'metals/extraction'), ('ISIC rev.4 ecoinvent', '2420:Manufacture of basic precious and other non-ferrous metals'), ('CPC', '41413: Refined copper and copper alloys, unwrought; master alloys of copper')]";treatment of waste reinforcement steel, recycling;-0.00706441125099118;kilogram;waste reinforcement steel;291996.95;technosphere;RoW
a69f286cd97cfc9c3044015b79bbe5f5;treatment of waste rubber, unspecified, municipal incineration;RoW;heat, for reuse in municipal waste incineration only;;[('ISIC rev.4 ecoinvent', '3821:Treatment and disposal of non-hazardous waste'), ('CPC', '17300: Steam and hot water')];treatment of waste reinforcement steel, recycling;-4.79490420142546e-07;kilogram;waste reinforcement steel;291996.95;technosphere;RoW
a9674125e315b6b551e3f7a4ff6b4838;market for waste concrete, not reinforced;CH;waste concrete, not reinforced;;[('EcoSpold01Categories', 'waste management/building demolition'), ('ISIC rev.4 ecoinvent', '3821:Treatment and disposal of non-hazardous waste'), ('CPC', '39: Wastes or scraps')];treatment of waste concrete, not reinforced, recycling;-0.62;kilogram;waste concrete, not reinforced;537333333.333333;technosphere;CH
aab58cdc9486bc32cdfecec4242a4be7;power block installation, solar tower power plant, 20 MW;ZA;power block, solar tower power plant, 20 MW;;[('ISIC rev.4 ecoinvent', '4220a: Construction of utility projects for electricity production, except for liquid fuels'), ('CPC', '53262: Power plants')];treatment of waste reinforcement steel, recycling;-651795.781350649;kilogram;waste reinforcement steel;673069.95;technosphere;RoW
ad09f32682a3585398c05a4a3c4e19e6;concentrated solar power plant construction, solar tower power plant, 20 MW;ZA;concentrated solar power plant, solar tower, 20 MW;;[('ISIC rev.4 ecoinvent', '4220a: Construction of utility projects for electricity production, except for liquid fuels'), ('CPC', '53262: Power plants')];treatment of waste reinforcement steel, recycling;-765.099972107024;kilogram;waste reinforcement steel;765.1;technosphere;RoW
b254f1cee90b0294c2512c8313c0e829;collector field area construction, solar tower power plant, 20 MW;ZA;collector field area, solar tower power plant, 20 MW;;[('ISIC rev.4 ecoinvent', '4220a: Construction of utility projects for electricity production, except for liquid fuels'), ('CPC', '53262: Power plants')];treatment of waste reinforcement steel, recycling;-2403908.26682141;kilogram;waste reinforcement steel;2411953.25;technosphere;RoW
b4d4d81413bb7d3e7279369ff72fbca9;collector field area construction, solar thermal parabolic trough, 50 MW;ZA;collector field area, solar thermal parabolic trough, 50 MW;;[('ISIC rev.4 ecoinvent', '4220a: Construction of utility projects for electricity production, except for liquid fuels')];treatment of waste reinforcement steel, recycling;-6388061.15639728;kilogram;waste reinforcement steel;6392695.05;technosphere;RoW
b7a48090f6a909df164211bd3d07a36a;market for waste reinforced concrete;CH;waste reinforced concrete;;[('ISIC rev.4 ecoinvent', '3821:Treatment and disposal of non-hazardous waste'), ('EcoSpold01Categories', 'waste management/building demolition'), ('CPC', '39: Wastes or scraps')];treatment of waste reinforced concrete, recycling;-0.62;kilogram;waste reinforced concrete;537333333.333333;technosphere;CH
bafba75f57bf474b1f884ed38704f163;steam generation system construction, solar tower power plant, 20 MW;ZA;steam generation system, solar tower power plant, 20 MW;;[('ISIC rev.4 ecoinvent', '4220a: Construction of utility projects for electricity production, except for liquid fuels'), ('CPC', '53262: Power plants')];treatment of waste reinforcement steel, recycling;-74054.0589480316;kilogram;waste reinforcement steel;74084.5;technosphere;RoW
c3ded87721d20ef56a01fd08d70eb78b;treatment of municipal solid waste, incineration;RoW;electricity, for reuse in municipal waste incineration only;;[('ISIC rev.4 ecoinvent', '3821:Treatment and disposal of non-hazardous waste'), ('CPC', '17100: Electrical energy')];market for waste polyethylene, for recycling, unsorted;-7.47894378202827e-11;kilogram;waste polyethylene, for recycling, unsorted;696857.05;technosphere;RoW
c3ded87721d20ef56a01fd08d70eb78b;treatment of municipal solid waste, incineration;RoW;electricity, for reuse in municipal waste incineration only;;[('ISIC rev.4 ecoinvent', '3821:Treatment and disposal of non-hazardous waste'), ('CPC', '17100: Electrical energy')];market for waste polyethylene, for recycling, unsorted;-1.81939749541302e-10;kilogram;waste polyethylene, for recycling, unsorted;6271713.45;technosphere;CH
c3ded87721d20ef56a01fd08d70eb78b;treatment of municipal solid waste, incineration;RoW;electricity, for reuse in municipal waste incineration only;;[('ISIC rev.4 ecoinvent', '3821:Treatment and disposal of non-hazardous waste'), ('CPC', '17100: Electrical energy')];market for waste polyethylene, for recycling, unsorted;-6.04543021375783e-08;kilogram;waste polyethylene, for recycling, unsorted;6271713.45;technosphere;Europe without Switzerland
c3ded87721d20ef56a01fd08d70eb78b;treatment of municipal solid waste, incineration;RoW;electricity, for reuse in municipal waste incineration only;;[('ISIC rev.4 ecoinvent', '3821:Treatment and disposal of non-hazardous waste'), ('CPC', '17100: Electrical energy')];market for waste polyethylene, for recycling, unsorted;-1.83255429548316e-08;kilogram;waste polyethylene, for recycling, unsorted;6271713.45;technosphere;US
c3ded87721d20ef56a01fd08d70eb78b;treatment of municipal solid waste, incineration;RoW;electricity, for reuse in municipal waste incineration only;;[('ISIC rev.4 ecoinvent', '3821:Treatment and disposal of non-hazardous waste'), ('CPC', '17100: Electrical energy')];treatment of waste reinforcement steel, recycling;-8.63706253334458e-05;kilogram;waste reinforcement steel;291996.95;technosphere;RoW
c7beae48ebd662ff396e0bb2b193bd21;treatment of waste polyethylene, for recycling, unsorted, sorting;RoW;waste polyethylene, for recycling, sorted;;[('ISIC rev.4 ecoinvent', '3811:Collection of non-hazardous waste'), ('CPC', '39270: Waste, parings and scrap of plastics')];market for waste polyethylene, for recycling, unsorted;-5.59053502417694e-06;kilogram;waste polyethylene, for recycling, unsorted;4948640.0;technosphere;RoW
cf254216b9755624a4f384fac97173f6;fish freezing, small fish;RoW;fish residues;;[('ISIC rev.4 ecoinvent', '1020:Processing and preserving of fish, crustaceans and molluscs'), ('CPC', '21221: Fish fillets and fish meat (whether or not minced), fresh or chilled')];market for waste polyethylene, for recycling, unsorted;-6.27497586674315e-08;kilogram;waste polyethylene, for recycling, unsorted;124448400.0;technosphere;CH
cf254216b9755624a4f384fac97173f6;fish freezing, small fish;RoW;fish residues;;[('ISIC rev.4 ecoinvent', '1020:Processing and preserving of fish, crustaceans and molluscs'), ('CPC', '21221: Fish fillets and fish meat (whether or not minced), fresh or chilled')];market for waste polyethylene, for recycling, unsorted;-2.08502698234168e-05;kilogram;waste polyethylene, for recycling, unsorted;124448400.0;technosphere;Europe without Switzerland
cf254216b9755624a4f384fac97173f6;fish freezing, small fish;RoW;fish residues;;[('ISIC rev.4 ecoinvent', '1020:Processing and preserving of fish, crustaceans and molluscs'), ('CPC', '21221: Fish fillets and fish meat (whether or not minced), fresh or chilled')];market for waste polyethylene, for recycling, unsorted;-6.32035275834151e-06;kilogram;waste polyethylene, for recycling, unsorted;124448400.0;technosphere;US
d02ef18ff272dd6699be9c95b6d5ebfd;thermal storage system construction, solar thermal parabolic trough, 50 MW;ZA;thermal storage system, solar thermal parabolic trough, 50 MW;;[('ISIC rev.4 ecoinvent', '4220a: Construction of utility projects for electricity production, except for liquid fuels')];treatment of waste reinforcement steel, recycling;-951813.480270777;kilogram;waste reinforcement steel;952793.8;technosphere;RoW
d282715568d1dbb7cec3e08eacf9d594;fish curing, small fish;RoW;fish curing, small fish;;[('ISIC rev.4 ecoinvent', '1020:Processing and preserving of fish, crustaceans and molluscs'), ('CPC', '21242: Fish, otherwise prepared or preserved')];market for waste polyethylene, for recycling, unsorted;-6.76138896432699e-05;kilogram;waste polyethylene, for recycling, unsorted;6271713.45;technosphere;CH
d282715568d1dbb7cec3e08eacf9d594;fish curing, small fish;RoW;fish curing, small fish;;[('ISIC rev.4 ecoinvent', '1020:Processing and preserving of fish, crustaceans and molluscs'), ('CPC', '21242: Fish, otherwise prepared or preserved')];market for waste polyethylene, for recycling, unsorted;-0.0224665062115148;kilogram;waste polyethylene, for recycling, unsorted;6271713.45;technosphere;Europe without Switzerland
d282715568d1dbb7cec3e08eacf9d594;fish curing, small fish;RoW;fish curing, small fish;;[('ISIC rev.4 ecoinvent', '1020:Processing and preserving of fish, crustaceans and molluscs'), ('CPC', '21242: Fish, otherwise prepared or preserved')];market for waste polyethylene, for recycling, unsorted;-0.00681028330601119;kilogram;waste polyethylene, for recycling, unsorted;6271713.45;technosphere;US
d406aa34f1ca85b7118e8160b8471568;treatment of aluminium scrap, post-consumer, prepared for recycling, at refiner;RER;aluminium, cast alloy;;[('EcoSpold01Categories', 'metals/extraction'), ('ISIC rev.4 ecoinvent', '2420:Manufacture of basic precious and other non-ferrous metals'), ('CPC', '41431: Unwrought aluminium')];market for waste polyethylene, for recycling, unsorted;-3.16924774833855e-08;kilogram;waste polyethylene, for recycling, unsorted;696857.05;technosphere;RoW
d406aa34f1ca85b7118e8160b8471568;treatment of aluminium scrap, post-consumer, prepared for recycling, at refiner;RER;aluminium, cast alloy;;[('EcoSpold01Categories', 'metals/extraction'), ('ISIC rev.4 ecoinvent', '2420:Manufacture of basic precious and other non-ferrous metals'), ('CPC', '41431: Unwrought aluminium')];market for waste polyethylene, for recycling, unsorted;-1.68158976524247e-09;kilogram;waste polyethylene, for recycling, unsorted;6271713.45;technosphere;CH
d406aa34f1ca85b7118e8160b8471568;treatment of aluminium scrap, post-consumer, prepared for recycling, at refiner;RER;aluminium, cast alloy;;[('EcoSpold01Categories', 'metals/extraction'), ('ISIC rev.4 ecoinvent', '2420:Manufacture of basic precious and other non-ferrous metals'), ('CPC', '41431: Unwrought aluminium')];market for waste polyethylene, for recycling, unsorted;-5.58752751917742e-07;kilogram;waste polyethylene, for recycling, unsorted;6271713.45;technosphere;Europe without Switzerland
d406aa34f1ca85b7118e8160b8471568;treatment of aluminium scrap, post-consumer, prepared for recycling, at refiner;RER;aluminium, cast alloy;;[('EcoSpold01Categories', 'metals/extraction'), ('ISIC rev.4 ecoinvent', '2420:Manufacture of basic precious and other non-ferrous metals'), ('CPC', '41431: Unwrought aluminium')];market for waste polyethylene, for recycling, unsorted;-1.69375002180931e-07;kilogram;waste polyethylene, for recycling, unsorted;6271713.45;technosphere;US
d406aa34f1ca85b7118e8160b8471568;treatment of aluminium scrap, post-consumer, prepared for recycling, at refiner;RER;aluminium, cast alloy;;[('EcoSpold01Categories', 'metals/extraction'), ('ISIC rev.4 ecoinvent', '2420:Manufacture of basic precious and other non-ferrous metals'), ('CPC', '41431: Unwrought aluminium')];treatment of waste reinforcement steel, recycling;-0.000997705821943966;kilogram;waste reinforcement steel;291996.95;technosphere;RoW
d95b0a965126e87ececd4c04fb601ff7;market for waste cement-fibre slab;RoW;waste cement-fibre slab;;[('ISIC rev.4 ecoinvent', '3821:Treatment and disposal of non-hazardous waste'), ('EcoSpold01Categories', 'waste management/building demolition'), ('CPC', '39: Wastes or scraps')];treatment of waste cement-fibre slab, recycling;-0.5;kilogram;waste cement-fibre slab;5890.439255;technosphere;RoW
d9fe5d1ecda134b4555a001f82b99066;treatment of scrap tin sheet, municipal incineration;RoW;iron scrap, sorted, pressed;;[('ISIC rev.4 ecoinvent', '3821:Treatment and disposal of non-hazardous waste'), ('CPC', '39310: Slag, dross, scalings and other waste from the manufacture of iron or steel')];market for waste polyethylene, for recycling, unsorted;-7.09455083795377e-07;kilogram;waste polyethylene, for recycling, unsorted;4948640.0;technosphere;RoW
da2dbcf499f15b8664cf4f6b35b8b768;treatment of aluminium scrap, post-consumer, prepared for recycling, at refiner;RoW;aluminium oxide;;[('EcoSpold01Categories', 'metals/extraction'), ('ISIC rev.4 ecoinvent', '2420:Manufacture of basic precious and other non-ferrous metals'), ('CPC', '41432: Alumina (aluminium oxide), except artificial corundum')];market for waste polyethylene, for recycling, unsorted;-6.82607207334457e-09;kilogram;waste polyethylene, for recycling, unsorted;696857.05;technosphere;RoW
da2dbcf499f15b8664cf4f6b35b8b768;treatment of aluminium scrap, post-consumer, prepared for recycling, at refiner;RoW;aluminium oxide;;[('EcoSpold01Categories', 'metals/extraction'), ('ISIC rev.4 ecoinvent', '2420:Manufacture of basic precious and other non-ferrous metals'), ('CPC', '41432: Alumina (aluminium oxide), except artificial corundum')];market for waste polyethylene, for recycling, unsorted;-3.62188564821455e-10;kilogram;waste polyethylene, for recycling, unsorted;6271713.45;technosphere;CH
da2dbcf499f15b8664cf4f6b35b8b768;treatment of aluminium scrap, post-consumer, prepared for recycling, at refiner;RoW;aluminium oxide;;[('EcoSpold01Categories', 'metals/extraction'), ('ISIC rev.4 ecoinvent', '2420:Manufacture of basic precious and other non-ferrous metals'), ('CPC', '41432: Alumina (aluminium oxide), except artificial corundum')];market for waste polyethylene, for recycling, unsorted;-1.20346746566898e-07;kilogram;waste polyethylene, for recycling, unsorted;6271713.45;technosphere;Europe without Switzerland
da2dbcf499f15b8664cf4f6b35b8b768;treatment of aluminium scrap, post-consumer, prepared for recycling, at refiner;RoW;aluminium oxide;;[('EcoSpold01Categories', 'metals/extraction'), ('ISIC rev.4 ecoinvent', '2420:Manufacture of basic precious and other non-ferrous metals'), ('CPC', '41432: Alumina (aluminium oxide), except artificial corundum')];market for waste polyethylene, for recycling, unsorted;-3.64807697005082e-08;kilogram;waste polyethylene, for recycling, unsorted;6271713.45;technosphere;US
da2dbcf499f15b8664cf4f6b35b8b768;treatment of aluminium scrap, post-consumer, prepared for recycling, at refiner;RoW;aluminium oxide;;[('EcoSpold01Categories', 'metals/extraction'), ('ISIC rev.4 ecoinvent', '2420:Manufacture of basic precious and other non-ferrous metals'), ('CPC', '41432: Alumina (aluminium oxide), except artificial corundum')];treatment of waste reinforcement steel, recycling;-0.000214890484726393;kilogram;waste reinforcement steel;291996.95;technosphere;RoW
db3aa8e2d43f544e0e92522d26fc5119;treatment of waste polyethylene, municipal incineration;RoW;electricity, for reuse in municipal waste incineration only;;[('ISIC rev.4 ecoinvent', '3821:Treatment and disposal of non-hazardous waste'), ('CPC', '17100: Electrical energy')];market for waste polyethylene, for recycling, unsorted;-1.51739706414393e-08;kilogram;waste polyethylene, for recycling, unsorted;696857.05;technosphere;RoW
db3aa8e2d43f544e0e92522d26fc5119;treatment of waste polyethylene, municipal incineration;RoW;electricity, for reuse in municipal waste incineration only;;[('ISIC rev.4 ecoinvent', '3821:Treatment and disposal of non-hazardous waste'), ('CPC', '17100: Electrical energy')];market for waste polyethylene, for recycling, unsorted;-4.34461467432094e-11;kilogram;waste polyethylene, for recycling, unsorted;6271713.45;technosphere;CH
db3aa8e2d43f544e0e92522d26fc5119;treatment of waste polyethylene, municipal incineration;RoW;electricity, for reuse in municipal waste incineration only;;[('ISIC rev.4 ecoinvent', '3821:Treatment and disposal of non-hazardous waste'), ('CPC', '17100: Electrical energy')];market for waste polyethylene, for recycling, unsorted;-1.44361333273755e-08;kilogram;waste polyethylene, for recycling, unsorted;6271713.45;technosphere;Europe without Switzerland
db3aa8e2d43f544e0e92522d26fc5119;treatment of waste polyethylene, municipal incineration;RoW;electricity, for reuse in municipal waste incineration only;;[('ISIC rev.4 ecoinvent', '3821:Treatment and disposal of non-hazardous waste'), ('CPC', '17100: Electrical energy')];market for waste polyethylene, for recycling, unsorted;-4.37603234242037e-09;kilogram;waste polyethylene, for recycling, unsorted;6271713.45;technosphere;US
db3aa8e2d43f544e0e92522d26fc5119;treatment of waste polyethylene, municipal incineration;RoW;electricity, for reuse in municipal waste incineration only;;[('ISIC rev.4 ecoinvent', '3821:Treatment and disposal of non-hazardous waste'), ('CPC', '17100: Electrical energy')];treatment of waste reinforcement steel, recycling;-0.00020851686263831;kilogram;waste reinforcement steel;291996.95;technosphere;RoW
e61a3931ef3087a5c6308df9410f65b0;power block installation, solar thermal parabolic trough, 50 MW;ZA;power block, solar thermal parabolic trough, 50 MW;;[('ISIC rev.4 ecoinvent', '4220a: Construction of utility projects for electricity production, except for liquid fuels')];treatment of waste reinforcement steel, recycling;-761674.86515225;kilogram;waste reinforcement steel;786630.25;technosphere;RoW
e96e8fb244faf7023cdef4073e3a0a4e;market for waste mineral wool;RoW;waste mineral wool;;[('ISIC rev.4 ecoinvent', '3821:Treatment and disposal of non-hazardous waste'), ('EcoSpold01Categories', 'waste management/building demolition'), ('CPC', '39990: Other wastes n.e.c.')];treatment of waste mineral wool, recycling;-0.643500913625364;kilogram;waste mineral wool;437816400.0;technosphere;RoW
edaa99a31a728c780e4e49ab4adf7c2c;treatment of scrap steel, municipal incineration;Europe without Switzerland;iron scrap, sorted, pressed;;[('ISIC rev.4 ecoinvent', '3821:Treatment and disposal of non-hazardous waste'), ('CPC', '39310: Slag, dross, scalings and other waste from the manufacture of iron or steel')];treatment of waste reinforcement steel, recycling;-0.000626853045874495;kilogram;waste reinforcement steel;6392695.05;technosphere;RoW
ee765a9b6b55ee7fad2c6f2ec0686144;treatment of waste rubber, unspecified, municipal incineration;RoW;electricity, for reuse in municipal waste incineration only;;[('ISIC rev.4 ecoinvent', '3821:Treatment and disposal of non-hazardous waste'), ('CPC', '17100: Electrical energy')];treatment of waste reinforcement steel, recycling;-9.80276213899161e-06;kilogram;waste reinforcement steel;291996.95;technosphere;RoW
ef09590837676f84598f9dd3db155464;treatment of municipal solid waste, open burning;GLO;iron scrap, sorted, pressed;;[('ISIC rev.4 ecoinvent', '3821:Treatment and disposal of non-hazardous waste'), ('CPC', '39310: Slag, dross, scalings and other waste from the manufacture of iron or steel')];market for waste polyethylene, for recycling, unsorted;-1.64149144347057e-07;kilogram;waste polyethylene, for recycling, unsorted;4948640.0;technosphere;RoW
ef09590837676f84598f9dd3db155464;treatment of municipal solid waste, open burning;GLO;iron scrap, sorted, pressed;;[('ISIC rev.4 ecoinvent', '3821:Treatment and disposal of non-hazardous waste'), ('CPC', '39310: Slag, dross, scalings and other waste from the manufacture of iron or steel')];market for waste polyethylene, for recycling, unsorted;-3.02009005061083e-10;kilogram;waste polyethylene, for recycling, unsorted;6271713.45;technosphere;CH
ef09590837676f84598f9dd3db155464;treatment of municipal solid waste, open burning;GLO;iron scrap, sorted, pressed;;[('ISIC rev.4 ecoinvent', '3821:Treatment and disposal of non-hazardous waste'), ('CPC', '39310: Slag, dross, scalings and other waste from the manufacture of iron or steel')];market for waste polyethylene, for recycling, unsorted;-1.00350493425778e-07;kilogram;waste polyethylene, for recycling, unsorted;6271713.45;technosphere;Europe without Switzerland
ef09590837676f84598f9dd3db155464;treatment of municipal solid waste, open burning;GLO;iron scrap, sorted, pressed;;[('ISIC rev.4 ecoinvent', '3821:Treatment and disposal of non-hazardous waste'), ('CPC', '39310: Slag, dross, scalings and other waste from the manufacture of iron or steel')];market for waste polyethylene, for recycling, unsorted;-3.04192954477847e-08;kilogram;waste polyethylene, for recycling, unsorted;6271713.45;technosphere;US
ef09590837676f84598f9dd3db155464;treatment of municipal solid waste, open burning;GLO;iron scrap, sorted, pressed;;[('ISIC rev.4 ecoinvent', '3821:Treatment and disposal of non-hazardous waste'), ('CPC', '39310: Slag, dross, scalings and other waste from the manufacture of iron or steel')];treatment of waste reinforcement steel, recycling;-5.11895139837366e-05;kilogram;waste reinforcement steel;291996.95;technosphere;RoW
f051395d95b1745289193767e1371e50;market for waste mineral wool;Europe without Switzerland;waste mineral wool;;[('EcoSpold01Categories', 'waste management/building demolition'), ('ISIC rev.4 ecoinvent', '3821:Treatment and disposal of non-hazardous waste'), ('CPC', '39990: Other wastes n.e.c.')];treatment of waste mineral wool, recycling;-0.403225806451613;kilogram;waste mineral wool;112500000.0;technosphere;Europe without Switzerland
f1739f44cc799c65cc94ac1eafa27085;treatment of waste glass, municipal incineration;RoW;heat, for reuse in municipal waste incineration only;;[('ISIC rev.4 ecoinvent', '3821:Treatment and disposal of non-hazardous waste'), ('CPC', '17300: Steam and hot water')];market for waste polyethylene, for recycling, unsorted;-3.72330988460294e-11;kilogram;waste polyethylene, for recycling, unsorted;696857.05;technosphere;RoW
f1739f44cc799c65cc94ac1eafa27085;treatment of waste glass, municipal incineration;RoW;heat, for reuse in municipal waste incineration only;;[('ISIC rev.4 ecoinvent', '3821:Treatment and disposal of non-hazardous waste'), ('CPC', '17300: Steam and hot water')];market for waste polyethylene, for recycling, unsorted;-1.06473656553879e-13;kilogram;waste polyethylene, for recycling, unsorted;6271713.45;technosphere;CH
f1739f44cc799c65cc94ac1eafa27085;treatment of waste glass, municipal incineration;RoW;heat, for reuse in municipal waste incineration only;;[('ISIC rev.4 ecoinvent', '3821:Treatment and disposal of non-hazardous waste'), ('CPC', '17300: Steam and hot water')];market for waste polyethylene, for recycling, unsorted;-3.53786933269342e-11;kilogram;waste polyethylene, for recycling, unsorted;6271713.45;technosphere;Europe without Switzerland
f1739f44cc799c65cc94ac1eafa27085;treatment of waste glass, municipal incineration;RoW;heat, for reuse in municipal waste incineration only;;[('ISIC rev.4 ecoinvent', '3821:Treatment and disposal of non-hazardous waste'), ('CPC', '17300: Steam and hot water')];market for waste polyethylene, for recycling, unsorted;-1.07243610681852e-11;kilogram;waste polyethylene, for recycling, unsorted;6271713.45;technosphere;US
f1c701451f11ddc8ad3cb8d803cc7c51;treatment of copper scrap by electrolytic refining;RoW;copper;;"[('ISIC rev.4 ecoinvent', '2420:Manufacture of basic precious and other non-ferrous metals'), ('EcoSpold01Categories', 'metals/extraction'), ('CPC', '41413: Refined copper and copper alloys, unwrought; master alloys of copper')]";market for waste polyethylene, for recycling, unsorted;-3.05228290570809e-06;kilogram;waste polyethylene, for recycling, unsorted;4948640.0;technosphere;RoW
f1c701451f11ddc8ad3cb8d803cc7c51;treatment of copper scrap by electrolytic refining;RoW;copper;;"[('ISIC rev.4 ecoinvent', '2420:Manufacture of basic precious and other non-ferrous metals'), ('EcoSpold01Categories', 'metals/extraction'), ('CPC', '41413: Refined copper and copper alloys, unwrought; master alloys of copper')]";market for waste polyethylene, for recycling, unsorted;-7.03291908811823e-09;kilogram;waste polyethylene, for recycling, unsorted;6271713.45;technosphere;CH
f1c701451f11ddc8ad3cb8d803cc7c51;treatment of copper scrap by electrolytic refining;RoW;copper;;"[('ISIC rev.4 ecoinvent', '2420:Manufacture of basic precious and other non-ferrous metals'), ('EcoSpold01Categories', 'metals/extraction'), ('CPC', '41413: Refined copper and copper alloys, unwrought; master alloys of copper')]";market for waste polyethylene, for recycling, unsorted;-2.33687369876104e-06;kilogram;waste polyethylene, for recycling, unsorted;6271713.45;technosphere;Europe without Switzerland
f1c701451f11ddc8ad3cb8d803cc7c51;treatment of copper scrap by electrolytic refining;RoW;copper;;"[('ISIC rev.4 ecoinvent', '2420:Manufacture of basic precious and other non-ferrous metals'), ('EcoSpold01Categories', 'metals/extraction'), ('CPC', '41413: Refined copper and copper alloys, unwrought; master alloys of copper')]";market for waste polyethylene, for recycling, unsorted;-7.08377697408605e-07;kilogram;waste polyethylene, for recycling, unsorted;6271713.45;technosphere;US
f1c701451f11ddc8ad3cb8d803cc7c51;treatment of copper scrap by electrolytic refining;RoW;copper;;"[('ISIC rev.4 ecoinvent', '2420:Manufacture of basic precious and other non-ferrous metals'), ('EcoSpold01Categories', 'metals/extraction'), ('CPC', '41413: Refined copper and copper alloys, unwrought; master alloys of copper')]";treatment of waste reinforcement steel, recycling;-0.00706441125099118;kilogram;waste reinforcement steel;291996.95;technosphere;RoW
f4aebf16fc9768e39e83c13516b6f58b;fish canning, large fish;RoW;fish residues;;[('ISIC rev.4 ecoinvent', '1020:Processing and preserving of fish, crustaceans and molluscs'), ('CPC', '21221: Fish fillets and fish meat (whether or not minced), fresh or chilled')];market for waste polyethylene, for recycling, unsorted;-2.75953295439168e-09;kilogram;waste polyethylene, for recycling, unsorted;36290026.6666666;technosphere;CH
f4aebf16fc9768e39e83c13516b6f58b;fish canning, large fish;RoW;fish residues;;[('ISIC rev.4 ecoinvent', '1020:Processing and preserving of fish, crustaceans and molluscs'), ('CPC', '21221: Fish fillets and fish meat (whether or not minced), fresh or chilled')];market for waste polyethylene, for recycling, unsorted;-9.16927935780889e-07;kilogram;waste polyethylene, for recycling, unsorted;36290026.6666666;technosphere;Europe without Switzerland
f4aebf16fc9768e39e83c13516b6f58b;fish canning, large fish;RoW;fish residues;;[('ISIC rev.4 ecoinvent', '1020:Processing and preserving of fish, crustaceans and molluscs'), ('CPC', '21221: Fish fillets and fish meat (whether or not minced), fresh or chilled')];market for waste polyethylene, for recycling, unsorted;-2.77948825468171e-07;kilogram;waste polyethylene, for recycling, unsorted;36290026.6666666;technosphere;US
f5359d5aae6e6ca0b405fd2e792b7f0a;heat transport fluid system construction, solar thermal parabolic trough, 50 MW;ZA;heat transport fluid system, solar thermal parabolic trough, 50 MW;;[('ISIC rev.4 ecoinvent', '4220a: Construction of utility projects for electricity production, except for liquid fuels')];treatment of waste reinforcement steel, recycling;-291843.321446206;kilogram;waste reinforcement steel;291996.95;technosphere;RoW
f5dfbb485857b54bfd55f47a2a8e4bd2;treatment of waste plastic, mixture, municipal incineration with fly ash extraction;CH;heat, for reuse in municipal waste incineration only;;[('ISIC rev.4 ecoinvent', '3821:Treatment and disposal of non-hazardous waste'), ('CPC', '17300: Steam and hot water')];market for waste polyethylene, for recycling, unsorted;-1.56781552558105e-11;kilogram;waste polyethylene, for recycling, unsorted;6271713.45;technosphere;CH
f5dfbb485857b54bfd55f47a2a8e4bd2;treatment of waste plastic, mixture, municipal incineration with fly ash extraction;CH;heat, for reuse in municipal waste incineration only;;[('ISIC rev.4 ecoinvent', '3821:Treatment and disposal of non-hazardous waste'), ('CPC', '17300: Steam and hot water')];market for waste polyethylene, for recycling, unsorted;-5.20948246430042e-09;kilogram;waste polyethylene, for recycling, unsorted;6271713.45;technosphere;Europe without Switzerland
f5dfbb485857b54bfd55f47a2a8e4bd2;treatment of waste plastic, mixture, municipal incineration with fly ash extraction;CH;heat, for reuse in municipal waste incineration only;;[('ISIC rev.4 ecoinvent', '3821:Treatment and disposal of non-hazardous waste'), ('CPC', '17300: Steam and hot water')];market for waste polyethylene, for recycling, unsorted;-1.57915303454703e-09;kilogram;waste polyethylene, for recycling, unsorted;6271713.45;technosphere;US
f73d050091c3d5875c706e41e89793be;market for waste reinforced concrete;Europe without Switzerland;waste reinforced concrete;;[('EcoSpold01Categories', 'waste management/building demolition'), ('ISIC rev.4 ecoinvent', '3821:Treatment and disposal of non-hazardous waste'), ('CPC', '39: Wastes or scraps')];treatment of waste reinforced concrete, recycling;-0.202491021624513;kilogram;waste reinforced concrete;16562500000.0;technosphere;Europe without Switzerland
f8938ad8e196a84d4e68bd39e17f7c38;treatment of waste glass from unsorted public collection, sorting;RoW;glass cullet, sorted;;"[('ISIC rev.4 ecoinvent', '3830:Materials recovery'), ('EcoSpold01Categories', 'glass/packaging'), ('CPC', '37111: Glass in the mass, in balls (except microspheres), rods or tubes, unworked; waste and scrap of glass')]";market for waste polyethylene, for recycling, unsorted;-8.32364493241433e-07;kilogram;waste polyethylene, for recycling, unsorted;696857.05;technosphere;RoW
f8938ad8e196a84d4e68bd39e17f7c38;treatment of waste glass from unsorted public collection, sorting;RoW;glass cullet, sorted;;"[('ISIC rev.4 ecoinvent', '3830:Materials recovery'), ('EcoSpold01Categories', 'glass/packaging'), ('CPC', '37111: Glass in the mass, in balls (except microspheres), rods or tubes, unworked; waste and scrap of glass')]";market for waste polyethylene, for recycling, unsorted;-1.91789219720758e-09;kilogram;waste polyethylene, for recycling, unsorted;6271713.45;technosphere;CH
f8938ad8e196a84d4e68bd39e17f7c38;treatment of waste glass from unsorted public collection, sorting;RoW;glass cullet, sorted;;"[('ISIC rev.4 ecoinvent', '3830:Materials recovery'), ('EcoSpold01Categories', 'glass/packaging'), ('CPC', '37111: Glass in the mass, in balls (except microspheres), rods or tubes, unworked; waste and scrap of glass')]";market for waste polyethylene, for recycling, unsorted;-6.37270495587717e-07;kilogram;waste polyethylene, for recycling, unsorted;6271713.45;technosphere;Europe without Switzerland
f8938ad8e196a84d4e68bd39e17f7c38;treatment of waste glass from unsorted public collection, sorting;RoW;glass cullet, sorted;;"[('ISIC rev.4 ecoinvent', '3830:Materials recovery'), ('EcoSpold01Categories', 'glass/packaging'), ('CPC', '37111: Glass in the mass, in balls (except microspheres), rods or tubes, unworked; waste and scrap of glass')]";market for waste polyethylene, for recycling, unsorted;-1.93176125235268e-07;kilogram;waste polyethylene, for recycling, unsorted;6271713.45;technosphere;US
fa562696e86e667eb98c89da237897b8;thermal storage system construction, solar tower power plant, 20 MW;ZA;thermal storage system, solar tower power plant, 20 MW;;[('ISIC rev.4 ecoinvent', '4220a: Construction of utility projects for electricity production, except for liquid fuels'), ('CPC', '53262: Power plants')];treatment of waste reinforcement steel, recycling;-90059.8256637352;kilogram;waste reinforcement steel;90066.9;technosphere;RoW
fd88b2f30adf5376af30f47e25a6e2d1;treatment of municipal solid waste, incineration;RoW;heat, for reuse in municipal waste incineration only;;[('ISIC rev.4 ecoinvent', '3821:Treatment and disposal of non-hazardous waste'), ('CPC', '17300: Steam and hot water')];market for waste polyethylene, for recycling, unsorted;-4.02990385886112e-12;kilogram;waste polyethylene, for recycling, unsorted;696857.05;technosphere;RoW
fd88b2f30adf5376af30f47e25a6e2d1;treatment of municipal solid waste, incineration;RoW;heat, for reuse in municipal waste incineration only;;[('ISIC rev.4 ecoinvent', '3821:Treatment and disposal of non-hazardous waste'), ('CPC', '17300: Steam and hot water')];market for waste polyethylene, for recycling, unsorted;-9.46780816314273e-12;kilogram;waste polyethylene, for recycling, unsorted;6271713.45;technosphere;CH
fd88b2f30adf5376af30f47e25a6e2d1;treatment of municipal solid waste, incineration;RoW;heat, for reuse in municipal waste incineration only;;[('ISIC rev.4 ecoinvent', '3821:Treatment and disposal of non-hazardous waste'), ('CPC', '17300: Steam and hot water')];market for waste polyethylene, for recycling, unsorted;-3.14593010443452e-09;kilogram;waste polyethylene, for recycling, unsorted;6271713.45;technosphere;Europe without Switzerland
fd88b2f30adf5376af30f47e25a6e2d1;treatment of municipal solid waste, incineration;RoW;heat, for reuse in municipal waste incineration only;;[('ISIC rev.4 ecoinvent', '3821:Treatment and disposal of non-hazardous waste'), ('CPC', '17300: Steam and hot water')];market for waste polyethylene, for recycling, unsorted;-9.53627371804151e-10;kilogram;waste polyethylene, for recycling, unsorted;6271713.45;technosphere;US
fd88b2f30adf5376af30f47e25a6e2d1;treatment of municipal solid waste, incineration;RoW;heat, for reuse in municipal waste incineration only;;[('ISIC rev.4 ecoinvent', '3821:Treatment and disposal of non-hazardous waste'), ('CPC', '17300: Steam and hot water')];treatment of waste reinforcement steel, recycling;-4.44710039964966e-06;kilogram;waste reinforcement steel;291996.95;technosphere;RoW
fe14a0dd488789c2f632bfc9e12f510d;treatment of scrap tin sheet, municipal incineration with fly ash extraction;CH;iron scrap, sorted, pressed;;[('ISIC rev.4 ecoinvent', '3821:Treatment and disposal of non-hazardous waste'), ('CPC', '39310: Slag, dross, scalings and other waste from the manufacture of iron or steel')];market for waste polyethylene, for recycling, unsorted;-5.21123332535438e-09;kilogram;waste polyethylene, for recycling, unsorted;36290026.6666666;technosphere;CH
fe14a0dd488789c2f632bfc9e12f510d;treatment of scrap tin sheet, municipal incineration with fly ash extraction;CH;iron scrap, sorted, pressed;;[('ISIC rev.4 ecoinvent', '3821:Treatment and disposal of non-hazardous waste'), ('CPC', '39310: Slag, dross, scalings and other waste from the manufacture of iron or steel')];market for waste polyethylene, for recycling, unsorted;-1.73157033993208e-06;kilogram;waste polyethylene, for recycling, unsorted;36290026.6666666;technosphere;Europe without Switzerland
fe14a0dd488789c2f632bfc9e12f510d;treatment of scrap tin sheet, municipal incineration with fly ash extraction;CH;iron scrap, sorted, pressed;;[('ISIC rev.4 ecoinvent', '3821:Treatment and disposal of non-hazardous waste'), ('CPC', '39310: Slag, dross, scalings and other waste from the manufacture of iron or steel')];market for waste polyethylene, for recycling, unsorted;-5.24891786386419e-07;kilogram;waste polyethylene, for recycling, unsorted;36290026.6666666;technosphere;US
