0033d958b264d27c575076489eaa0be1;treatment of waste polyvinylchloride, open burning;GLO;-0.0871242405735605;kilogram;cutoff39
00a878a287375684c701355fccca4daf;treatment of waste polyethylene, open burning;GLO;-0.0150317896138671;kilogram;cutoff39
01bfe9d1caffd3dcd6b9c0a4d657a759;treatment of waste polyethylene terephthalate, open burning;GLO;-0.0205469906849226;kilogram;cutoff39
01f5ffc8dddc5828c97efc2a79df4bad;treatment of waste polyvinylchloride, open burning;GLO;-0.0589997881455436;kilogram;cutoff39
021a1775733aa5353f9d9bbeb3d42f90;treatment of waste glass, open burning;GLO;-0.0135770927668737;kilogram;cutoff39
03163e7caa07cd265254ebf3ccec69d3;treatment of waste polyurethane, open burning;GLO;-0.015265724881001;kilogram;cutoff39
037510b09c231b81cb4eac9a3f510a24;treatment of waste polystyrene, open burning;GLO;-0.113764292129076;kilogram;cutoff39
03e96a62350296e5ccd713f15a11741d;treatment of waste paperboard, open burning;GLO;-0.00917395587533919;kilogram;cutoff39
04dcbd6a91f6944faaa46c9c264c7b8f;treatment of waste glass, open burning;GLO;-0.0409099500836998;kilogram;cutoff39
0573ead5b64afde73364aafaaeaa5e52;treatment of waste wood, untreated, open burning;GLO;-0.00966043946660359;kilogram;cutoff39
0574bf15b7cc2f15ab1f0b2255a9da69;market for waste glass pane in burnable frame;RoW;-21909.8452448362;kilogram;cutoff39
059386f5f7d456940ba7000e82ead380;treatment of waste wood, untreated, open burning;GLO;-0.100978573111918;kilogram;cutoff39
05a200bda59d802005170e2af9f81a67;treatment of waste paperboard, open burning;GLO;-0.000986035967648575;kilogram;cutoff39
062715ecb49d838279062a01cb3258e2;treatment of waste polyethylene, open burning;GLO;-0.000565773149803462;kilogram;cutoff39
06824429ad63b674687e44f52a63e5c1;market for waste glass pane in burnable frame;RoW;-21909.8452448362;kilogram;cutoff39
08ccdc9faa41ec23fe4332f190afddb1;treatment of waste polystyrene, open burning;GLO;-0.0107372908969953;kilogram;cutoff39
08e9c81329294386e3db84062655df57;treatment of waste plastic, mixture, open burning;GLO;-0.0860011568767784;kilogram;cutoff39
0a154965cfd1e9682b5f04c30286a464;treatment of waste graphical paper, open burning;GLO;-0.015265724881001;kilogram;cutoff39
0a95f0f4c293fb8274a2318946300f32;treatment of waste polyethylene, open burning;GLO;-0.0974434868744583;kilogram;cutoff39
0bf72a5a7fea35b70bd39062084581f4;treatment of waste polystyrene, open burning;GLO;-0.000301606625741877;kilogram;cutoff39
0c51ac5a5b00379527b3d630dcd72238;treatment of municipal solid waste, open burning;GLO;-0.00369092;kilogram;cutoff39
0c6a02e026cf44395bd5e21c2951f8ab;treatment of waste wood, untreated, open burning;GLO;-0.000565773149803462;kilogram;cutoff39
0c84c8d4aef68d47a3b5c00a12ff9fa5;treatment of waste polyethylene terephthalate, open burning;GLO;-0.0409099500836998;kilogram;cutoff39
0ccd1b9295fc539dfa35bdcd52f91bcf;market for waste glass pane in burnable frame;RoW;-3.939923883882424e-07;kilogram;cutoff39
0ccd1b9295fc539dfa35bdcd52f91bcf;market for waste glass pane in burnable frame;CH;-3.344337929075566e-09;kilogram;cutoff39
0f6b46abd113bf5a1303a8b80395c4ee;treatment of waste paperboard, open burning;GLO;-0.0897695128049834;kilogram;cutoff39
0f9ea9e44426dc1ce66413d72d009a15;treatment of municipal solid waste, open burning;GLO;-0.020547;kilogram;cutoff39
1185824345d2bf6491b5a2fb1c6ba2eb;treatment of waste polystyrene, open burning;GLO;-0.00417186912852553;kilogram;cutoff39
11f556153881ff5d2d7d493a777be25d;treatment of waste polyethylene terephthalate, open burning;GLO;-0.00966043946660359;kilogram;cutoff39
12fc5fc6a3132c495f04ad9ad81dd4bd;treatment of waste polystyrene, open burning;GLO;-0.0203629272318968;kilogram;cutoff39
130bd51a40218ab57f3724e77f692206;treatment of waste wood, untreated, open burning;GLO;-0.0264593941066286;kilogram;cutoff39
133d5fdb0baf3939cf531d7b6718dc4a;treatment of municipal solid waste, open burning;GLO;-0.0152657;kilogram;cutoff39
13755d17941dd03190d5853d98055a1d;treatment of municipal solid waste, open burning;GLO;-0.0860012;kilogram;cutoff39
13fb6fef68d8f679920be00ab8fa5708;treatment of waste polypropylene, open burning;GLO;-0.000182090137116258;kilogram;cutoff39
151f39a3de6a595ee15498a9e185d88f;treatment of waste plastic, mixture, open burning;GLO;-0.0487658869735807;kilogram;cutoff39
156db26e6c14af21fcb9f6e9685a4dbb;treatment of waste graphical paper, open burning;GLO;-0.0216911062443454;kilogram;cutoff39
1583d825176e0c03dbcb66d97e274080;treatment of waste polystyrene, open burning;GLO;-0.19020481996282;kilogram;cutoff39
16561351b9110190d35e6c7272fedec5;treatment of waste polystyrene, open burning;GLO;-0.000526841223095166;kilogram;cutoff39
169a5539be15c6a4b9fa9356cbae7b7f;treatment of waste glass, open burning;GLO;-0.0291927726473145;kilogram;cutoff39
16c1ed30d275258f397320d76c33c0ea;treatment of waste polyurethane, open burning;GLO;-0.0122605420657861;kilogram;cutoff39
16dc0f05b16a8e0c154e671e200d478a;market for waste glass pane in burnable frame;CH;-29262.5424132716;kilogram;cutoff39
174f845d34d1fa9ab6d4933e6b0fbebb;treatment of waste polyethylene terephthalate, open burning;GLO;-0.000301606625741877;kilogram;cutoff39
18b2fa8f33aae428bb59d53368b43c5c;treatment of waste polyvinylchloride, open burning;GLO;-0.0860011568767784;kilogram;cutoff39
19085f543cdb5fbde9dbeb1bb9a7f605;treatment of waste glass, open burning;GLO;-0.00917395587533919;kilogram;cutoff39
197b0fe0708d01ca28392cedd17fcc33;treatment of waste graphical paper, open burning;GLO;-0.00369092313422926;kilogram;cutoff39
1a9d834edc27aea5b50b95fb1950ab49;treatment of waste polyethylene, open burning;GLO;-0.0143533996706812;kilogram;cutoff39
1ab26863eaa41247185e2ca241344912;treatment of waste polyethylene, open burning;GLO;-0.0291927726473145;kilogram;cutoff39
1b4db770cb563e94b914941f8125021d;treatment of waste plastic, mixture, open burning;GLO;-0.0205469906849226;kilogram;cutoff39
1badbdaaa3d8b5c18f68be44c35cdf9c;treatment of waste polyethylene, open burning;GLO;-0.00017434433461976;kilogram;cutoff39
1dc5b38fa1a979b1db67034920f4cfde;treatment of waste polypropylene, open burning;GLO;-0.0291927726473145;kilogram;cutoff39
1ecdfa08af87ebaa112ee29730d297cb;treatment of waste polyethylene terephthalate, open burning;GLO;-0.00917395587533919;kilogram;cutoff39
1eda2f5895e8aeb403100d8b34767447;treatment of waste polyurethane, open burning;GLO;-0.0487658869735807;kilogram;cutoff39
1ee559edb9f8a3856775ecbf67fed1e2;treatment of waste graphical paper, open burning;GLO;-0.00966043946660359;kilogram;cutoff39
1f143b8cb1f520e2d5934f500c34260b;treatment of waste paperboard, open burning;GLO;-0.0860011568767784;kilogram;cutoff39
1f94ad0576019b85257b5368f45f4eb8;treatment of waste glass, open burning;GLO;-0.0330013176794512;kilogram;cutoff39
1f9eb0096eb1b4ecdd04915dc4b02109;treatment of municipal solid waste, open burning;GLO;-0.0634286;kilogram;cutoff39
1fcb6fa4940468e35ce98978f8454830;treatment of waste polyvinylchloride, open burning;GLO;-0.0216911062443454;kilogram;cutoff39
20334645477ebf1deb431a38e5d05ccc;treatment of waste polyurethane, open burning;GLO;-0.0104397907139771;kilogram;cutoff39
2120053528b3ebb44b9ea0bee9888dff;treatment of waste wood, untreated, open burning;GLO;-0.0334239090407301;kilogram;cutoff39
225e8a4daeb4a957572e1f77482fb098;treatment of waste graphical paper, open burning;GLO;-0.0107372908969953;kilogram;cutoff39
22751fe181dc672082c0bd1d8923dd2c;treatment of waste paperboard, open burning;GLO;-0.00966043946660359;kilogram;cutoff39
22fe3b745a362ddb853b1dec2fcfbb86;treatment of waste glass, open burning;GLO;-0.000182090137116258;kilogram;cutoff39
2357245c317283b2758a757ea5dbfa54;treatment of waste graphical paper, open burning;GLO;-0.00674378845855387;kilogram;cutoff39
235bd70725945fc0a7ea031a89da1748;treatment of waste polyvinylchloride, open burning;GLO;-0.19020481996282;kilogram;cutoff39
23692a32eba0a82a747584cbcfe17dc9;treatment of waste glass, open burning;GLO;-0.0278904162073016;kilogram;cutoff39
2387ace32fd262c6bebc4a9de3ba2dac;treatment of waste polyurethane, open burning;GLO;-6.36128446588608e-05;kilogram;cutoff39
23a214444a8d1d55286b150765491abd;treatment of waste polyethylene, open burning;GLO;-0.000986035967648575;kilogram;cutoff39
23e78b8576af6193058d312ca98a25a7;treatment of waste polyethylene terephthalate, open burning;GLO;-0.000565773149803462;kilogram;cutoff39
24afe2fa519d1b41bcd7846aabfea7f5;treatment of waste plastic, mixture, open burning;GLO;-6.36128446588608e-05;kilogram;cutoff39
24f61911a1d59fe88e0e000fd23fff97;treatment of waste polystyrene, open burning;GLO;-0.0871242405735605;kilogram;cutoff39
25582878dc424ff639f15371d77c0676;treatment of waste polyvinylchloride, open burning;GLO;-0.0634286239725263;kilogram;cutoff39
258d3071824f7aab2a358f18d4c55401;treatment of waste polypropylene, open burning;GLO;-0.19020481996282;kilogram;cutoff39
2593d81860fc308953ac04d18dbd351d;treatment of waste polystyrene, open burning;GLO;-0.0330013176794512;kilogram;cutoff39
25e19c133084d6cce88cda5725988667;treatment of municipal solid waste, open burning;GLO;-0.0104398;kilogram;cutoff39
2604f35707f802e7c3971cf72eef7aee;treatment of waste glass, open burning;GLO;-0.00674378845855387;kilogram;cutoff39
26e23c80fe10d5cc4fdde9bb36027f79;treatment of waste plastic, mixture, open burning;GLO;-0.000526841223095166;kilogram;cutoff39
271c297e41c1fca6485e94857616cff1;treatment of waste polystyrene, open burning;GLO;-0.0122605420657861;kilogram;cutoff39
271e969d9152f65cc285d433ae100483;treatment of waste graphical paper, open burning;GLO;-0.00017434433461976;kilogram;cutoff39
274cff7b67351e907bc482fd1b1ce8eb;market for waste glass pane in burnable frame;RoW;-29262.5424132716;kilogram;cutoff39
29fc4a9358a1ef17bfaec4597122f8f7;treatment of waste wood, untreated, open burning;GLO;-0.0107372908969953;kilogram;cutoff39
2a5fa99c4c62447411dc98d54f86041c;treatment of waste glass, open burning;GLO;-0.0634286239725263;kilogram;cutoff39
2a96fa6a044404adb9d1345539441465;market for waste glass pane in burnable frame;RoW;-22222.990147542;kilogram;cutoff39
2a9dfb61ba8ba69558b5596a7833cb48;treatment of waste graphical paper, open burning;GLO;-0.00917395587533919;kilogram;cutoff39
2b8e03073674bfa2a1d86279a5d33798;treatment of waste graphical paper, open burning;GLO;-0.00260975115734594;kilogram;cutoff39
2c0d3a648a570d04bf5fef7ead808232;treatment of waste polypropylene, open burning;GLO;-0.000565773149803462;kilogram;cutoff39
2cb5aca623a241166d694d51361311dd;treatment of waste polyurethane, open burning;GLO;-0.113764292129076;kilogram;cutoff39
2d02f425b80a9d0bc319c139558b862e;treatment of waste plastic, mixture, open burning;GLO;-0.00260975115734594;kilogram;cutoff39
2d60d98f8ec2f84d687256b146e3adbf;treatment of waste plastic, mixture, open burning;GLO;-0.0143533996706812;kilogram;cutoff39
2d65998496f4728fa49ab659c9171236;treatment of waste wood, untreated, open burning;GLO;-0.015265724881001;kilogram;cutoff39
2e0989ac066afb0222594403a9c3aaa2;treatment of waste polyurethane, open burning;GLO;-0.0291927726473145;kilogram;cutoff39
2e126c60f09069886a6f3d8a086f600a;treatment of waste polyethylene, open burning;GLO;-0.0104397907139771;kilogram;cutoff39
2e2beffd409e40070fccbca710ba0aea;treatment of waste polyethylene, open burning;GLO;-0.113764292129076;kilogram;cutoff39
2ea142fd05638919b87d3036fe29bdb6;treatment of waste paperboard, open burning;GLO;-0.0143533996706812;kilogram;cutoff39
2ee9c229e112b0fd2a9d918b4495c586;treatment of waste wood, untreated, open burning;GLO;-0.0860011568767784;kilogram;cutoff39
2f819febc0d9e57d0c88063e7806c591;treatment of waste polyvinylchloride, open burning;GLO;-0.000526841223095166;kilogram;cutoff39
306fdd0c62de8585b5647fa73a491ac9;treatment of municipal solid waste, open burning;GLO;-0.0897695;kilogram;cutoff39
309ee490d7d08f2f2086637c93890aa5;treatment of waste wood, untreated, open burning;GLO;-0.00674378845855387;kilogram;cutoff39
312ff4b9ecb21c813cc8771628bc4c47;treatment of waste polypropylene, open burning;GLO;-0.0860011568767784;kilogram;cutoff39
313d205a3d8595ffa6425d6bcbcd3a24;treatment of waste graphical paper, open burning;GLO;-0.000986035967648575;kilogram;cutoff39
3177295023277bcea721849685e4a3fb;treatment of waste polyethylene terephthalate, open burning;GLO;-0.0974434868744583;kilogram;cutoff39
31a8d6920a4e8116029cb21b4b06dd38;treatment of waste plastic, mixture, open burning;GLO;-0.0409099500836998;kilogram;cutoff39
31b80fadffb17d13ad6fc8fa5a3e3ad1;treatment of waste wood, untreated, open burning;GLO;-0.0624725160068898;kilogram;cutoff39
31d03815a5961252e6e3c1bb58794cd8;treatment of waste polypropylene, open burning;GLO;-0.284307580310206;kilogram;cutoff39
31de6433cad1d3f503a99136dbfbcc30;treatment of waste wood, untreated, open burning;GLO;-0.00260975115734594;kilogram;cutoff39
31f99211f2ac9d522346dd54e2a3a3d1;treatment of waste paperboard, open burning;GLO;-0.0104397907139771;kilogram;cutoff39
3222ac8add681c98ff6c37eb2919574a;treatment of waste polyurethane, open burning;GLO;-0.284307580310206;kilogram;cutoff39
32d5ba423713f10245727a07c6e6c7e8;treatment of waste graphical paper, open burning;GLO;-0.0135770927668737;kilogram;cutoff39
3356df7bb4467d362679d968dcf0e42b;treatment of waste wood, untreated, open burning;GLO;-0.0409099500836998;kilogram;cutoff39
33626312dbe61100b4809ba4b5b0c6bb;treatment of waste polyethylene, open burning;GLO;-0.0487658869735807;kilogram;cutoff39
33b69b4c1be955f33fb1f31f14bf1dbe;treatment of municipal solid waste, open burning;GLO;-0.0264594;kilogram;cutoff39
35a9b54c94336504da3d9c79ab4113ad;treatment of waste wood, untreated, open burning;GLO;-0.0291927726473145;kilogram;cutoff39
3664a472133c73c9be66a2c3ddec2ce8;treatment of waste polypropylene, open burning;GLO;-0.0589997881455436;kilogram;cutoff39
367e2fcaa08d5e22164a7ba5b1f656f4;treatment of waste polypropylene, open burning;GLO;-0.0150317896138671;kilogram;cutoff39
36b4ca88bfe06bd1214e6832fbebb520;treatment of waste graphical paper, open burning;GLO;-0.000526841223095166;kilogram;cutoff39
36eddd3fe1ca964a3b1316a7e00ca99a;treatment of waste plastic, mixture, open burning;GLO;-0.0589997881455436;kilogram;cutoff39
3721c462837096ba88fc9226872273f6;treatment of waste polystyrene, open burning;GLO;-0.00017434433461976;kilogram;cutoff39
37589c4f6ed77ebbde905cb96b3146ae;treatment of waste graphical paper, open burning;GLO;-0.000565773149803462;kilogram;cutoff39
37c44a7542c10fd65417f2f6f6073fb4;treatment of waste polyethylene terephthalate, open burning;GLO;-0.00260975115734594;kilogram;cutoff39
382d8431afe232c081ede693145e056c;treatment of waste glass, open burning;GLO;-0.000668777328610643;kilogram;cutoff39
386b04161c4454e3fa175fee9d6827ed;treatment of waste polyethylene terephthalate, open burning;GLO;-0.0150317896138671;kilogram;cutoff39
38952f2581a540ef54ecb418f0b4f454;treatment of waste plastic, mixture, open burning;GLO;-0.000986035967648575;kilogram;cutoff39
3944da111b94b17ad7713095d136ee06;treatment of waste paperboard, open burning;GLO;-0.000301606625741877;kilogram;cutoff39
39d1656c8f109aa8dccec409036e40ed;treatment of waste wood, untreated, open burning;GLO;-0.000526841223095166;kilogram;cutoff39
39d2a0fe954b98e2f4e424ef2043e2df;treatment of waste polypropylene, open burning;GLO;-0.0107372908969953;kilogram;cutoff39
3a574a814e59301df9b78e7e1997ab08;treatment of waste glass, open burning;GLO;-0.0150317896138671;kilogram;cutoff39
3a7b17b99cb6d0680507e42bbaf54b6b;treatment of waste wood, untreated, open burning;GLO;-0.000182090137116258;kilogram;cutoff39
3ac5870e5b5e6a91c90a9c3a0134482a;treatment of waste glass, open burning;GLO;-0.0107372908969953;kilogram;cutoff39
3ad2478c50d4965aac49b3b84c3b864b;treatment of waste polypropylene, open burning;GLO;-0.00966043946660359;kilogram;cutoff39
3b16d96476c66db5b1fddce516836685;treatment of municipal solid waste, open burning;GLO;-0.00674379;kilogram;cutoff39
3b54463e8ae63b29d4c3e78ac2869567;treatment of waste paperboard, open burning;GLO;-0.113764292129076;kilogram;cutoff39
3b5af31f9ccbf2ff8c3df08fb8d11df4;treatment of waste wood, untreated, open burning;GLO;-0.0216911062443454;kilogram;cutoff39
3bae72c142e4be3d10ba2904adf862b8;treatment of waste polyethylene, open burning;GLO;-0.0634286239725263;kilogram;cutoff39
3c3049164b51fc9c0dff0a75208b14d7;treatment of waste paperboard, open burning;GLO;-0.00674378845855387;kilogram;cutoff39
3caa475bcecdfe31f095053513472212;treatment of waste paperboard, open burning;GLO;-0.284307580310206;kilogram;cutoff39
3cb7a122d33eb92f9e6893db3e282263;treatment of waste paperboard, open burning;GLO;-0.0216911062443454;kilogram;cutoff39
3d1190789b358929d667abc64814ebba;treatment of waste plastic, mixture, open burning;GLO;-0.000301606625741877;kilogram;cutoff39
3d328d6ae0569274d3feafa76f2bd93b;treatment of waste polyethylene, open burning;GLO;-0.0107372908969953;kilogram;cutoff39
3dbd8d2f91e24c4582ad1e15634a3faa;treatment of waste plastic, consumer electronics, open burning;GLO;-7.64073257112798e-09;kilogram;cutoff39
3dd5315d602eaba66c068f90c7fa5a6f;treatment of waste polyethylene terephthalate, open burning;GLO;-0.015265724881001;kilogram;cutoff39
3df34201076987c6ae1514f883ebb9ee;treatment of waste paperboard, open burning;GLO;-0.000526841223095166;kilogram;cutoff39
3e2306ce9ca28a97f1bd2cce551b8c92;treatment of waste polystyrene, open burning;GLO;-0.0205469906849226;kilogram;cutoff39
3e317d029a81b21d436bfd69d616cef0;treatment of waste glass, open burning;GLO;-0.000565773149803462;kilogram;cutoff39
3e65063e2b7082ceed7d55122f2c3b6c;treatment of waste glass, open burning;GLO;-0.19020481996282;kilogram;cutoff39
3ede813cb1d60fbca9db9ecb5ccb8145;treatment of waste polystyrene, open burning;GLO;-0.0334239090407301;kilogram;cutoff39
3eeec396fd932eedc10e8fc0e6c268d6;treatment of waste glass, open burning;GLO;-0.0871242405735605;kilogram;cutoff39
4087e8b2cd53d7b72fe277e0e97e4cb9;treatment of waste glass, open burning;GLO;-0.000526841223095166;kilogram;cutoff39
4134bf136c7ca6c578856a116d66deb0;treatment of waste polystyrene, open burning;GLO;-0.000668777328610643;kilogram;cutoff39
4211bc57dd45dc33a17db396421cd2f5;treatment of waste polyvinylchloride, open burning;GLO;-0.0897695128049834;kilogram;cutoff39
423e0d4aebfc95c8248e5f4fadbaaea5;treatment of waste plastic, mixture, open burning;GLO;-0.0150317896138671;kilogram;cutoff39
42c1d51926ddf5086863102fefa0872c;market for waste glass pane in burnable frame;RoW;-3.228349752126692e-07;kilogram;cutoff39
42c1d51926ddf5086863102fefa0872c;market for waste glass pane in burnable frame;CH;-2.740330230369799e-09;kilogram;cutoff39
43690d31ff457efbf5890eae1cb737fb;treatment of waste polyurethane, open burning;GLO;-0.19020481996282;kilogram;cutoff39
43c67470bd91909bbcdeb36d0290b67b;treatment of waste wood, untreated, open burning;GLO;-0.0278904162073016;kilogram;cutoff39
43fb9e6c4d072b54ef82d2666b9c2c5d;treatment of municipal solid waste, open burning;GLO;-0.000668777;kilogram;cutoff39
440db6c54d42ad60c06bc4fb94633e00;treatment of waste polystyrene, open burning;GLO;-0.00369092313422926;kilogram;cutoff39
44ec1108aa63a2d73e062e83c2a25ccd;treatment of municipal solid waste, open burning;GLO;-0.0107373;kilogram;cutoff39
450d235cbc52f1ea5b01adb3efa94885;treatment of waste polyurethane, open burning;GLO;-0.000182090137116258;kilogram;cutoff39
45103be0942d43edad2c9c5579667f86;treatment of waste polypropylene, open burning;GLO;-0.0634286239725263;kilogram;cutoff39
45f5567ff43c4bd2ab705445c86d9445;treatment of waste paperboard, open burning;GLO;-0.00369092313422926;kilogram;cutoff39
4603425929cc01f0fa4814c9e0a50026;treatment of waste graphical paper, open burning;GLO;-0.113764292129076;kilogram;cutoff39
46571f944697017b526988101208dff1;treatment of municipal solid waste, open burning;GLO;-0.00018209;kilogram;cutoff39
475e589e172fd787b9479f03817e7b5d;treatment of waste polypropylene, open burning;GLO;-0.0871242405735605;kilogram;cutoff39
47ebd4ea0d5c92ce857c6b6fe2f841fc;treatment of waste plastic, mixture, open burning;GLO;-0.000111927049697239;kilogram;cutoff39
48abcac376b58d9366c5b6553055335b;treatment of waste paperboard, open burning;GLO;-0.0203629272318968;kilogram;cutoff39
495883ec9eba46e9f6b73b302a870f53;treatment of waste polyvinylchloride, open burning;GLO;-0.0334239090407301;kilogram;cutoff39
4a4aaaaf4145d53ce0a013cabdd3f33d;treatment of waste polyvinylchloride, open burning;GLO;-0.0974434868744582;kilogram;cutoff39
4a4ac99e7f2351541bdfd8e40dc3f146;treatment of waste polypropylene, open burning;GLO;-0.0216911062443454;kilogram;cutoff39
4aa1c2b44d3d1387e9f84cee48383b08;treatment of waste polyurethane, open burning;GLO;-0.000986035967648575;kilogram;cutoff39
4b08e08b076f7eb533aac344ea52671e;treatment of waste glass, open burning;GLO;-0.00417186912852553;kilogram;cutoff39
4ba6f75085e64f6763f113051518c53a;treatment of waste polyurethane, open burning;GLO;-0.000565773149803462;kilogram;cutoff39
4bbc026ac36838b14cfef5406e2ddaae;treatment of waste plastic, mixture, open burning;GLO;-0.00966043946660359;kilogram;cutoff39
4be3163057167a79c570868635a61794;market for waste glass pane in burnable frame;RoW;-22222.990147542;kilogram;cutoff39
4c5ce4b76be0b48f377fe33cd742c82c;treatment of waste polyvinylchloride, open burning;GLO;-0.00966043946660359;kilogram;cutoff39
4d082dfc8011b9fab53bc7ca3ebc2fa5;treatment of waste graphical paper, open burning;GLO;-0.000668777328610643;kilogram;cutoff39
4d3f39952df248cbb0af6cec78712a98;treatment of waste polyurethane, open burning;GLO;-0.0216911062443454;kilogram;cutoff39
4dc799d3f0f033a1642e460c59b07bf7;treatment of waste polyurethane, open burning;GLO;-0.0860011568767784;kilogram;cutoff39
4dfcc9c31dc08c564b881d7cd4e3c85f;treatment of municipal solid waste, open burning;GLO;-0.0589998;kilogram;cutoff39
4f985e37640f1879aff4d56abc238859;treatment of municipal solid waste, open burning;GLO;-0.00966044;kilogram;cutoff39
4fbb8b7ca574bfbc7b0eaad922d11aa3;treatment of waste polyethylene terephthalate, open burning;GLO;-0.0264593941066286;kilogram;cutoff39
509e9c94fc2b8f51d647dee833d9a290;treatment of waste paperboard, open burning;GLO;-0.0487658869735807;kilogram;cutoff39
5137c17ecf8d5b31d05b74d82625ebfe;treatment of municipal solid waste, open burning;GLO;-0.143757842420425;kilogram;cutoff39
5183a2714fe13b0c5aeac1f5e838643c;treatment of waste polyurethane, open burning;GLO;-0.0203629272318968;kilogram;cutoff39
53579ad7ca1b6f2850ff5b14a8fe002e;treatment of waste plastic, mixture, open burning;GLO;-0.0334239090407301;kilogram;cutoff39
53a6368ca7ceb8fcb95282c42027156f;treatment of waste polyethylene terephthalate, open burning;GLO;-0.000182090137116258;kilogram;cutoff39
543fab630e0ce048e15e1bf1e6753e7b;treatment of waste polyurethane, open burning;GLO;-0.0334239090407301;kilogram;cutoff39
54473da934b3cdc05f9c3cfa1622c4b8;treatment of waste paperboard, open burning;GLO;-0.0818907401750148;kilogram;cutoff39
548e5ebb237190a950bb8a745191e661;treatment of waste polyethylene terephthalate, open burning;GLO;-0.0871242405735605;kilogram;cutoff39
54a1c17da22f1d2a643e271d79058972;treatment of waste glass, open burning;GLO;-0.0203629272318968;kilogram;cutoff39
555eabfb894a9d4f8ed8f9e46b3bc721;treatment of waste polyvinylchloride, open burning;GLO;-0.0150317896138671;kilogram;cutoff39
55fc80eb642bd533c279a40d18c9838c;treatment of waste plastic, mixture, open burning;GLO;-0.00417186912852553;kilogram;cutoff39
5637c9cff46b7375c30cd535387dabf1;treatment of waste paperboard, open burning;GLO;-0.0135770927668737;kilogram;cutoff39
5668950346d817cc7dcf68f7503d0fe6;treatment of waste polypropylene, open burning;GLO;-0.015265724881001;kilogram;cutoff39
567aba02959b9d0bda576287dea089ee;treatment of waste polyethylene, open burning;GLO;-0.000111927049697239;kilogram;cutoff39
56857b84a8ccf99af18fdb4c81c7d0cf;treatment of waste polyethylene terephthalate, open burning;GLO;-0.000668777328610643;kilogram;cutoff39
56b06a8ec58506767347dfc63c39f731;treatment of waste graphical paper, open burning;GLO;-0.0818907401750148;kilogram;cutoff39
589237345b01ee5757498512e27a9300;treatment of waste polystyrene, open burning;GLO;-0.0487658869735807;kilogram;cutoff39
593643c4f322380952354ea2f3da0620;treatment of waste polyethylene, open burning;GLO;-0.0135770927668737;kilogram;cutoff39
59706869331ae067ac3ee5ea51e67dc8;treatment of waste polyurethane, open burning;GLO;-0.00966043946660359;kilogram;cutoff39
597a0244ff8aba6fd8dcd7657f68161f;treatment of municipal solid waste, open burning;GLO;-0.0150318;kilogram;cutoff39
59f64fee890438d2152b5d3005096bfe;treatment of waste polypropylene, open burning;GLO;-0.000111927049697239;kilogram;cutoff39
5abf78f792ce01965a514ab52947c258;treatment of waste polyethylene, open burning;GLO;-6.36128446588608e-05;kilogram;cutoff39
5b139109d0f590c2e54e1c479441e15f;treatment of waste paperboard, open burning;GLO;-0.0278904162073016;kilogram;cutoff39
5bc3aee3434b2abc24f7752216987a51;treatment of waste graphical paper, open burning;GLO;-0.0624725160068898;kilogram;cutoff39
5be6ab3e527767e821b307197b066456;treatment of waste glass, open burning;GLO;-0.0897695128049834;kilogram;cutoff39
5bef706a9a73d138739893dc7866c71a;treatment of waste wood, untreated, open burning;GLO;-0.0135770927668737;kilogram;cutoff39
5c07a2cf5ecd05d67c286f20b82fbf94;treatment of waste polyethylene, open burning;GLO;-0.0589997881455436;kilogram;cutoff39
5c4e26af787fb57d53a497bf7f038945;treatment of waste polyvinylchloride, open burning;GLO;-0.000301606625741877;kilogram;cutoff39
5c62ef7bda6988d1fc3f8ba477791c69;treatment of waste polystyrene, open burning;GLO;-0.00966043946660359;kilogram;cutoff39
5cc65f864708b4ee3bafc3c1b49fef68;treatment of waste wood, untreated, open burning;GLO;-0.0122605420657861;kilogram;cutoff39
5d45413c821b197a94f656ede598dba0;treatment of waste plastic, mixture, open burning;GLO;-0.0278904162073016;kilogram;cutoff39
5d75ab033135f6ee13ade4b0b4e3687e;treatment of waste paperboard, open burning;GLO;-0.0205469906849226;kilogram;cutoff39
5f2cfddd4fa89db9dad6ce2ed0104a90;treatment of waste paperboard, open burning;GLO;-0.0871242405735605;kilogram;cutoff39
5f5be7c63a238d66887388e7a4003eca;treatment of waste polyethylene terephthalate, open burning;GLO;-0.0291927726473145;kilogram;cutoff39
5f9394313a27424f9864938f5b7ee0e6;treatment of municipal solid waste, open burning;GLO;-0.000526841;kilogram;cutoff39
5fc7255fa501840c388c3392f07cd5ae;treatment of waste polyethylene terephthalate, open burning;GLO;-0.113764292129076;kilogram;cutoff39
6126fec3878bd42464e31890380d3f79;treatment of waste paperboard, open burning;GLO;-0.00017434433461976;kilogram;cutoff39
61859c8bed0b0e0c29d967ee81af47fe;treatment of waste polypropylene, open burning;GLO;-0.00674378845855387;kilogram;cutoff39
61c270a7acf7e7bb2f2b7ac3867d98d6;treatment of waste polystyrene, open burning;GLO;-0.0150317896138671;kilogram;cutoff39
62fdf386585f7f4ca439b9e2a39591d9;treatment of waste polyethylene, open burning;GLO;-0.0409099500836998;kilogram;cutoff39
632c5391133e5e9b89b815fe9aa30eba;treatment of waste polyethylene terephthalate, open burning;GLO;-0.0135770927668737;kilogram;cutoff39
632e1327a223fdfd25acb318b073c95c;treatment of municipal solid waste, open burning;GLO;-0.0216911;kilogram;cutoff39
634bc81dd7f7c1c0fb56a9172fb4b609;treatment of waste glass, open burning;GLO;-0.0264593941066286;kilogram;cutoff39
63ad27c5f372900ad5a4373c7dabe4a9;treatment of waste paperboard, open burning;GLO;-0.0330013176794512;kilogram;cutoff39
63d4f11b549852f4c2c5f2273ae24ca2;treatment of waste polypropylene, open burning;GLO;-0.0278904162073016;kilogram;cutoff39
641938689674d32dbc95381607d6d4ce;treatment of waste polyvinylchloride, open burning;GLO;-0.000182090137116258;kilogram;cutoff39
64e80e59176a1c31ab24e9ca40606dc3;market for waste glass pane in burnable frame;RoW;-3.228349752126692e-07;kilogram;cutoff39
64e80e59176a1c31ab24e9ca40606dc3;market for waste glass pane in burnable frame;CH;-2.740330230369799e-09;kilogram;cutoff39
651edfc98b762fa70e4dd34f6ca879bd;treatment of waste polyvinylchloride, open burning;GLO;-0.000668777328610643;kilogram;cutoff39
653624121f4c6e38e5b2aa251fbd8abf;treatment of municipal solid waste, open burning;GLO;-0.0275938;kilogram;cutoff39
65439808dc24bb1207eb9e487e8ee9f0;treatment of waste glass, open burning;GLO;-0.0216911062443454;kilogram;cutoff39
6575502d44ed8791256e5d31da83570a;treatment of municipal solid waste, open burning;GLO;-0.0203629;kilogram;cutoff39
65b6a757f38cbfc58b6b42a917f861db;treatment of waste polyethylene, open burning;GLO;-0.0264593941066286;kilogram;cutoff39
6610a9edab1640971e03050ed7354d2e;treatment of waste glass, open burning;GLO;-0.0589997881455436;kilogram;cutoff39
66cef265491680ec67b67d18f0555bcd;treatment of waste graphical paper, open burning;GLO;-0.0264593941066286;kilogram;cutoff39
66e6feb51fef5c6991769d60785d7812;treatment of municipal solid waste, open burning;GLO;-0.000301607;kilogram;cutoff39
678ff24ea3ab37761d61af3d7ed76235;treatment of waste plastic, mixture, open burning;GLO;-0.19020481996282;kilogram;cutoff39
67b230c571ebb17ab8ff3fe50e336a54;treatment of waste polystyrene, open burning;GLO;-0.0974434868744582;kilogram;cutoff39
67d705d2d0beb9badb6548c4c4ba1468;treatment of waste glass, open burning;GLO;-0.0104397907139771;kilogram;cutoff39
68e3f91e952dd2ce90385fb1dd85f294;treatment of waste polypropylene, open burning;GLO;-0.0624725160068898;kilogram;cutoff39
694155691030f592fe7e7ff1e8512a57;treatment of waste wood, untreated, open burning;GLO;-0.0150317896138671;kilogram;cutoff39
694689e248705414451df03a13c5e515;treatment of municipal solid waste, open burning;GLO;-0.0135771;kilogram;cutoff39
69ca6bc026a44f7289efa1853d19bf00;treatment of waste polystyrene, open burning;GLO;-6.36128446588608e-05;kilogram;cutoff39
6a375447baea3b7cc91f045a80034997;treatment of waste paperboard, open burning;GLO;-0.0291927726473145;kilogram;cutoff39
6a439041cbb4dc8f1f8688c2bb37d404;treatment of waste paperboard, open burning;GLO;-0.0624725160068898;kilogram;cutoff39
6a5bc6bf88708f0060df326bb8ff3c84;treatment of waste polypropylene, open burning;GLO;-0.0205469906849226;kilogram;cutoff39
6a7fb2b8354c7bc8083f3655500945db;market for waste glass pane in burnable frame;RoW;-29262.5424132716;kilogram;cutoff39
6abc482bceeeda6868a56567d19f92d7;treatment of waste polyethylene, open burning;GLO;-0.0278904162073016;kilogram;cutoff39
6b04bdbfb2138fff68914ec744c1e777;treatment of waste plastic, mixture, open burning;GLO;-0.113764292129076;kilogram;cutoff39
6b5aded94b81bf2f758153594cdf9abe;treatment of waste polyurethane, open burning;GLO;-0.0974434868744583;kilogram;cutoff39
6ba1e018550f3cbf658724037bc723ae;treatment of waste wood, untreated, open burning;GLO;-0.00369092313422926;kilogram;cutoff39
6bbbc98a9e111ee37e27c4dd30cf9dbb;treatment of waste graphical paper, open burning;GLO;-0.000111927049697239;kilogram;cutoff39
6c950fa2809da3a2061e10f1f2809453;treatment of waste polyethylene terephthalate, open burning;GLO;-0.284307580310206;kilogram;cutoff39
6d2c3aca2e94ac97af721826631a9f46;treatment of waste polystyrene, open burning;GLO;-0.000565773149803462;kilogram;cutoff39
6d2d53a4a22dbc16a3aaa0a01ce021f9;treatment of waste wood, untreated, open burning;GLO;-0.0275938418728608;kilogram;cutoff39
6d473b90131f4cea75a36ee308bf16d3;treatment of waste plastic, mixture, open burning;GLO;-0.000182090137116258;kilogram;cutoff39
6e67b4f63a65d16d8d694c1b40c0bb4d;treatment of waste plastic, mixture, open burning;GLO;-0.0264593941066286;kilogram;cutoff39
6f2694279b50dec037a0b95418b0d0ce;treatment of waste polystyrene, open burning;GLO;-0.000182090137116258;kilogram;cutoff39
702e1622af8bc367d96deece9d089e98;treatment of waste polyvinylchloride, open burning;GLO;-0.0409099500836998;kilogram;cutoff39
70aeae5eda616b5e498d15bacb4e0959;treatment of waste polyvinylchloride, open burning;GLO;-0.0203629272318968;kilogram;cutoff39
71441c5de93253806f65534ba14632f8;treatment of municipal solid waste, open burning;GLO;-0.000565773;kilogram;cutoff39
719c64776e89517bacd65fd954e78649;treatment of waste polystyrene, open burning;GLO;-0.0291927726473145;kilogram;cutoff39
72313a67c0316f0a61740f69e1545389;treatment of waste polystyrene, open burning;GLO;-0.00260975115734594;kilogram;cutoff39
731419d9d99bafd9382cc2a82c1a1508;treatment of waste wood, untreated, open burning;GLO;-0.000986035967648575;kilogram;cutoff39
73c32d1d11c8ff916d08afbf861ae0ab;treatment of waste polyethylene terephthalate, open burning;GLO;-0.0589997881455436;kilogram;cutoff39
749fac24c4e04319d0ba36a1d21d6b92;treatment of waste polyvinylchloride, open burning;GLO;-0.0205469906849226;kilogram;cutoff39
755c46b5fb51923eca99a50d323a855c;treatment of waste polyvinylchloride, open burning;GLO;-0.0264593941066286;kilogram;cutoff39
75b20261d0be397c92b1bca3ec5db629;treatment of waste graphical paper, open burning;GLO;-0.0278904162073016;kilogram;cutoff39
75fc179ff7a1c29efbe0ec1367eb76c0;market for waste glass pane in burnable frame;RoW;-3.945760808154837e-07;kilogram;cutoff39
75fc179ff7a1c29efbe0ec1367eb76c0;market for waste glass pane in burnable frame;CH;-3.349292503785303e-09;kilogram;cutoff39
762730fdfc0cfd47eaef3f391d0bd452;treatment of waste polystyrene, open burning;GLO;-0.0275938418728608;kilogram;cutoff39
768d9193cca65f0fdd696240a227abb2;treatment of waste graphical paper, open burning;GLO;-0.0487658869735807;kilogram;cutoff39
76ac481a30efa473347091c188b8f372;treatment of waste polyethylene terephthalate, open burning;GLO;-0.00417186912852553;kilogram;cutoff39
76c8dcb7c7da4128ccf278d0a271831f;treatment of municipal solid waste, open burning;GLO;-0.113764;kilogram;cutoff39
78ad77b48152eda1770195a86ab7b0db;treatment of waste polystyrene, open burning;GLO;-0.015265724881001;kilogram;cutoff39
79c5d4a1efd21236773ac753267fb4ae;treatment of waste polyethylene terephthalate, open burning;GLO;-0.0107372908969953;kilogram;cutoff39
7a422741c77ec05b6eee2ac381aa8803;treatment of waste plastic, mixture, open burning;GLO;-0.0330013176794512;kilogram;cutoff39
7accb22069d9821fa0d0892b3ae719d1;market for waste glass pane in burnable frame;RoW;-22035.941772888247;kilogram;cutoff39
7accb22069d9821fa0d0892b3ae719d1;market for waste glass pane in burnable frame;CH;-187.04837465375277;kilogram;cutoff39
7b5cb5ce4e1f2487805e4c43d45f0dcd;treatment of waste polyurethane, open burning;GLO;-0.000301606625741877;kilogram;cutoff39
7b5d4e54ed1984158a9868b103d89a34;treatment of waste plastic, mixture, open burning;GLO;-0.0216911062443454;kilogram;cutoff39
7b859a20a73686f6b92af031cce8a4f6;treatment of waste polypropylene, open burning;GLO;-0.000668777328610643;kilogram;cutoff39
7bc7dc09b1bf8de3451c0e75b409c52c;treatment of waste graphical paper, open burning;GLO;-0.284307580310206;kilogram;cutoff39
7bea8260f8a37d757c625c370fda644e;treatment of waste polypropylene, open burning;GLO;-0.0409099500836998;kilogram;cutoff39
7cb195d9a45bfa96d77b1edd4910b02b;treatment of waste polyethylene, open burning;GLO;-0.00369092313422926;kilogram;cutoff39
7cda45d6678f022bf2e187f0820e2bef;treatment of waste polystyrene, open burning;GLO;-0.000111927049697239;kilogram;cutoff39
7da1ae1bfdc1b952616c862d8f4506fe;treatment of waste graphical paper, open burning;GLO;-0.0150317896138671;kilogram;cutoff39
7dab93ae7b108c4a63790660ff6668a2;treatment of waste paperboard, open burning;GLO;-0.0334239090407301;kilogram;cutoff39
7e2284ccd1e44ecc0d858d41eb8674fb;treatment of waste paperboard, open burning;GLO;-0.0634286239725263;kilogram;cutoff39
7effcecaa231e3189ba62ad8e9d1d809;treatment of waste glass, open burning;GLO;-0.0205469906849226;kilogram;cutoff39
7fa91ad83617fd01c267a49f1c365877;treatment of waste polyethylene, open burning;GLO;-0.284307580310206;kilogram;cutoff39
7fd9b03dbfc4688f53f4f59afd872510;treatment of waste glass, open burning;GLO;-0.284307580310206;kilogram;cutoff39
800790e54f0570bcdd3353fb64f1261d;treatment of waste polystyrene, open burning;GLO;-0.0264593941066286;kilogram;cutoff39
80b503b75b6d491f310a5a57ebe3058a;treatment of waste polypropylene, open burning;GLO;-0.113764292129076;kilogram;cutoff39
80d123727baf583bd580062f0136035e;treatment of waste wood, untreated, open burning;GLO;-0.284307580310206;kilogram;cutoff39
80e21199d369895be66674870e73adcc;treatment of waste polyethylene terephthalate, open burning;GLO;-0.00017434433461976;kilogram;cutoff39
81efa0320711d4ceb4a7c0ae04465311;treatment of waste polyethylene, open burning;GLO;-0.00674378845855387;kilogram;cutoff39
8354badf9714251d17fa1cfee1e67d2a;treatment of waste polyethylene terephthalate, open burning;GLO;-0.0104397907139771;kilogram;cutoff39
8372f0c01b3d3a5f89fa4ee616ca8d73;treatment of waste polyvinylchloride, open burning;GLO;-0.284307580310206;kilogram;cutoff39
848df22fd9500a16ffa30593116901d6;treatment of waste polyvinylchloride, open burning;GLO;-0.0107372908969953;kilogram;cutoff39
852b4a738580ca4b4b45e99d2be80012;treatment of waste plastic, mixture, open burning;GLO;-0.00674378845855387;kilogram;cutoff39
858c05f83b6e03bf2241ea0e3982f8b4;treatment of waste polyethylene terephthalate, open burning;GLO;-0.0634286239725263;kilogram;cutoff39
86605da50781c5a9ac56f09467ff1b70;treatment of waste graphical paper, open burning;GLO;-0.00417186912852553;kilogram;cutoff39
8768911bc8b8a328ed623c32593353d7;treatment of waste polyvinylchloride, open burning;GLO;-0.113764292129076;kilogram;cutoff39
885f7ec6a1d40b5e7276212d8e6c9a3d;treatment of waste plastic, mixture, open burning;GLO;-0.284307580310206;kilogram;cutoff39
8887227cbf0062172c53d6eb8a78229c;market for waste glass pane in burnable frame;CH;-21909.8452448362;kilogram;cutoff39
8914bf0a5bee3f40c82701febf65568d;market for waste glass pane in burnable frame;RoW;-22222.990147542;kilogram;cutoff39
89a280a1431e11ba273388a534397f6f;treatment of waste wood, untreated, open burning;GLO;-0.000301606625741877;kilogram;cutoff39
89ff5dd31d1a506c0049a61d7f3f8f95;treatment of waste wood, untreated, open burning;GLO;-0.00917395587533919;kilogram;cutoff39
8a4acca986a489eb19e1aba4eab00f46;treatment of waste wood, untreated, open burning;GLO;-0.000111927049697239;kilogram;cutoff39
8a637a6445b182d6567ec03e598c9462;treatment of waste plastic, mixture, open burning;GLO;-0.0104397907139771;kilogram;cutoff39
8a9fc61fa595da8379af61b81096665b;treatment of waste plastic, mixture, open burning;GLO;-0.0122605420657861;kilogram;cutoff39
8afea4dfd680302ff47c5bbba5f39ad3;treatment of waste wood, untreated, open burning;GLO;-6.36128446588608e-05;kilogram;cutoff39
8b35da4c5fbee09a07b8eca888c67733;treatment of waste polyurethane, open burning;GLO;-0.0107372908969953;kilogram;cutoff39
8baa4bb84d33133f417faa64745458d4;treatment of waste polystyrene, open burning;GLO;-0.0409099500836998;kilogram;cutoff39
8c3df1459b2343780e603f73aab10c2e;treatment of waste polyethylene, open burning;GLO;-0.00966043946660359;kilogram;cutoff39
8c3f163b0eaaeb2a19ae114977aeb793;treatment of waste polyethylene terephthalate, open burning;GLO;-0.0487658869735807;kilogram;cutoff39
8c593cf219721969a91140c6cf1dc9e0;treatment of waste plastic, mixture, open burning;GLO;-0.00369092313422926;kilogram;cutoff39
8c5f0d45cc29834a0419bc4fedaffd18;treatment of waste plastic, mixture, open burning;GLO;-0.0107372908969953;kilogram;cutoff39
8cc748ad929368aa4cac635a00495d45;treatment of waste wood, untreated, open burning;GLO;-0.0104397907139771;kilogram;cutoff39
8ecd71bb7ac915306fe36095ec46d731;treatment of waste polyurethane, open burning;GLO;-0.00417186912852553;kilogram;cutoff39
8efe33743a08bfbae11022117270031a;treatment of waste glass, open burning;GLO;-0.0275938418728608;kilogram;cutoff39
8fc49b7265802d9dcd64cdf1156c99d9;treatment of waste graphical paper, open burning;GLO;-0.0860011568767784;kilogram;cutoff39
90dafcaaf44bb49ff9f543839dcef6a6;treatment of waste wood, untreated, open burning;GLO;-0.0143533996706812;kilogram;cutoff39
90f0d540a23942a01e5493b502bab06b;treatment of waste polyurethane, open burning;GLO;-0.00917395587533919;kilogram;cutoff39
915b416abb44e6d10f02679116e28061;treatment of waste wood, untreated, open burning;GLO;-0.00017434433461976;kilogram;cutoff39
91714e574765b7c3a272e63bf29f7c5d;treatment of municipal solid waste, open burning;GLO;-0.000174344;kilogram;cutoff39
9252be4993933152111a7a8df530ac4b;treatment of waste polyethylene terephthalate, open burning;GLO;-0.000526841223095166;kilogram;cutoff39
925d7d79393d9dd3985d9677cfa09899;treatment of waste polyethylene terephthalate, open burning;GLO;-0.0216911062443454;kilogram;cutoff39
9286252cc08f036df6c0969caef03390;treatment of municipal solid waste, open burning;GLO;-0.0871242;kilogram;cutoff39
92bcca62376c591c558095d37dc8bde6;treatment of waste polypropylene, open burning;GLO;-0.00017434433461976;kilogram;cutoff39
934a979d8198e114891a3f349edd360c;treatment of waste graphical paper, open burning;GLO;-0.0334239090407301;kilogram;cutoff39
93c1505a5e4bea7a22c3661e271ac1d7;treatment of waste wood, untreated, open burning;GLO;-0.000668777328610643;kilogram;cutoff39
948e8d4e7ba9ac9a83cf22e64dbcb900;treatment of waste polyurethane, open burning;GLO;-0.0330013176794512;kilogram;cutoff39
95768644c4f79c08895a28e338bd6397;treatment of waste polypropylene, open burning;GLO;-0.000526841223095166;kilogram;cutoff39
961eade0d885245d96e54b7b90daf1d6;treatment of waste graphical paper, open burning;GLO;-0.000301606625741877;kilogram;cutoff39
9624f061c78eb8c522bdcabcfe627ce2;treatment of waste wood, untreated, open burning;GLO;-0.00417186912852553;kilogram;cutoff39
963bb72e127b6a2e1c1adeed207ddfdf;treatment of waste wood, untreated, open burning;GLO;-0.0589997881455436;kilogram;cutoff39
97310bf6265a7c8101f0bb8c076b1e9f;treatment of waste graphical paper, open burning;GLO;-0.0104397907139771;kilogram;cutoff39
98b6c37684c24cf1b57cbce8c6bc3873;market for waste glass pane in burnable frame;RoW;-29262.5424132716;kilogram;cutoff39
98bfdeb44edae8ba8275394d245d3ae9;treatment of municipal solid waste, open burning;GLO;-0.00260975;kilogram;cutoff39
98e2152bbead1101416e6e04abfa2b5d;treatment of waste polyurethane, open burning;GLO;-0.0150317896138671;kilogram;cutoff39
99b534da1593223a50edd8f7137bbcd0;treatment of waste polyethylene, open burning;GLO;-0.0275938418728608;kilogram;cutoff39
99d5e118db30c3c7d0b28a2bc822249e;treatment of waste polyethylene, open burning;GLO;-0.0122605420657861;kilogram;cutoff39
9b3ca131672939c0219d5f124e9d8190;treatment of waste paperboard, open burning;GLO;-0.00417186912852553;kilogram;cutoff39
9baaa2aa29934c1bbfa81870a8eabbb8;treatment of waste polyurethane, open burning;GLO;-0.0589997881455436;kilogram;cutoff39
9bdeb5415dcc10c3e525b96fb43cde31;treatment of waste graphical paper, open burning;GLO;-0.0409099500836998;kilogram;cutoff39
9c6947d3da1d49f7808d42603ab4e70c;treatment of waste polypropylene, open burning;GLO;-0.000986035967648575;kilogram;cutoff39
9c9ed7c87d01834a5cc79e6d2f237baf;treatment of waste polyethylene terephthalate, open burning;GLO;-0.0330013176794512;kilogram;cutoff39
9d4c7de0271b24714d59606f31c81c9d;treatment of waste polypropylene, open burning;GLO;-0.0275938418728608;kilogram;cutoff39
9d563466726398d1333ad982b08f3a9e;treatment of waste wood, untreated, open burning;GLO;-0.0871242405735605;kilogram;cutoff39
9fcc506ad3075053e34633500a73b32b;treatment of waste polyurethane, open burning;GLO;-0.000526841223095166;kilogram;cutoff39
a001af52a7f5cf6ec56eb84a135ad1fa;treatment of waste polyvinylchloride, open burning;GLO;-0.00917395587533919;kilogram;cutoff39
a0210fd3c56c48d4655a7c8bd315d70f;treatment of waste paperboard, open burning;GLO;-0.0150317896138671;kilogram;cutoff39
a0f208433b16294ee95db566551116bc;treatment of waste paperboard, open burning;GLO;-0.000565773149803462;kilogram;cutoff39
a1bdbe6dcc12025410e98677b862a7f1;treatment of municipal solid waste, open burning;GLO;-0.000111927;kilogram;cutoff39
a1bf59a10660536e7fc7019beb4e4563;treatment of waste polyethylene, open burning;GLO;-0.00917395587533919;kilogram;cutoff39
a30d49fe7026dcd0f1e2f96cc9674f67;treatment of waste polyethylene terephthalate, open burning;GLO;-0.0860011568767784;kilogram;cutoff39
a31779590bc04c9f5e963fe91a4a8bd9;treatment of waste plastic, mixture, open burning;GLO;-0.000565773149803462;kilogram;cutoff39
a41fe4de57c812850798e74ceb39f7eb;treatment of waste polyethylene, open burning;GLO;-0.00417186912852553;kilogram;cutoff39
a5f347a258130803136e729c122a0d30;market for waste glass pane in burnable frame;RoW;-3.7404958884413936e-07;kilogram;cutoff39
a5f347a258130803136e729c122a0d30;market for waste glass pane in burnable frame;CH;-3.1750568391536643e-09;kilogram;cutoff39
a6286c6e549296b9d2ba33be0e02db85;treatment of waste plastic, mixture, open burning;GLO;-0.0634286239725263;kilogram;cutoff39
a67e09f9c77c9892416154d3f9625c10;market for waste glass pane in burnable frame;RoW;-22035.941772888247;kilogram;cutoff39
a67e09f9c77c9892416154d3f9625c10;market for waste glass pane in burnable frame;CH;-187.04837465375277;kilogram;cutoff39
a6899ab2558e2f60e9f2a384366b299c;treatment of waste polyethylene, open burning;GLO;-0.0216911062443454;kilogram;cutoff39
a6911f97e7bda1708b485edbaa4bcd91;treatment of waste graphical paper, open burning;GLO;-0.0143533996706812;kilogram;cutoff39
a740fba046c7affcdbec914e96433bf4;treatment of waste glass, open burning;GLO;-0.000986035967648575;kilogram;cutoff39
a81f194727f37c759c772dec78167501;treatment of waste polyethylene, open burning;GLO;-0.000526841223095166;kilogram;cutoff39
a8287f2cc4dfd6b094991e53fcecdde2;treatment of waste polyvinylchloride, open burning;GLO;-0.015265724881001;kilogram;cutoff39
a8c123334521576a14af1e96dd3a9883;treatment of waste plastic, mixture, open burning;GLO;-0.0135770927668737;kilogram;cutoff39
a8caf97ee229d1d97c20b71aa17d2109;treatment of waste polyurethane, open burning;GLO;-0.0897695128049834;kilogram;cutoff39
a923ebb9063822fc281958bf82465234;treatment of waste graphical paper, open burning;GLO;-0.19020481996282;kilogram;cutoff39
a9b0a5d5e268b14ce4a9a1a25f5390ba;treatment of waste polypropylene, open burning;GLO;-0.00369092313422926;kilogram;cutoff39
aa157fd0e1f47dd063f10467d7b7c992;treatment of waste polypropylene, open burning;GLO;-0.0104397907139771;kilogram;cutoff39
aa887c93c17862a7a658f31b14807555;treatment of waste polyethylene terephthalate, open burning;GLO;-0.0624725160068898;kilogram;cutoff39
aa89e1723ae8a7af6a45d6a995bedb13;treatment of waste plastic, mixture, open burning;GLO;-0.0974434868744583;kilogram;cutoff39
aabf18d3ef9dd4e69f39d97c6bed0bc3;treatment of waste polypropylene, open burning;GLO;-0.0135770927668737;kilogram;cutoff39
aadf67347a9ea29397f6960c5e35dc23;treatment of waste glass, open burning;GLO;-0.00369092313422926;kilogram;cutoff39
ab905a431619a5fa5f0387a55d295b74;treatment of waste polyurethane, open burning;GLO;-0.0409099500836998;kilogram;cutoff39
ac895fee05a338f18f8835726b8abbff;treatment of waste polyvinylchloride, open burning;GLO;-0.0143533996706812;kilogram;cutoff39
acbb789cf3ccfe844d7c7698de605888;treatment of municipal solid waste, open burning;GLO;-0.0330013;kilogram;cutoff39
acc1cc75e47c24eda6f2a19a88ada3af;treatment of municipal solid waste, open burning;GLO;-0.0143534;kilogram;cutoff39
ad74d8c3741b497e1f1b893f046028f2;treatment of waste glass, open burning;GLO;-0.0334239090407301;kilogram;cutoff39
ae6786e1166ed24c3dc7a19990dbd331;treatment of waste polyvinylchloride, open burning;GLO;-0.0291927726473145;kilogram;cutoff39
aede41d893d0619b24acd96225c2979d;treatment of waste polyethylene, open burning;GLO;-0.000182090137116258;kilogram;cutoff39
af89e8494df428cd4e095c88ef22ece8;treatment of waste polyurethane, open burning;GLO;-0.0135770927668737;kilogram;cutoff39
afdaa3470e8848a3022d2825054bf357;treatment of waste glass pane in burnable frame, sorting plant;RoW;-0.18;kilogram;cutoff39
afdaa3470e8848a3022d2825054bf357;treatment of waste glass pane in burnable frame, collection for final disposal;RoW;-0.82;kilogram;cutoff39
b08f8a7758cb658c55996794be7d9150;treatment of waste polyurethane, open burning;GLO;-0.0634286239725263;kilogram;cutoff39
b217e7c039f40115243f5905d992d9aa;treatment of waste polyvinylchloride, open burning;GLO;-6.36128446588608e-05;kilogram;cutoff39
b22cfc6b14408f25fcb6e45cb29d9d48;treatment of waste polystyrene, open burning;GLO;-0.000986035967648575;kilogram;cutoff39
b2a2243347403f67057eeaace0543f7f;treatment of waste polypropylene, open burning;GLO;-0.0330013176794512;kilogram;cutoff39
b2b24d89762eead561e8158525d5fb89;market for waste glass pane in burnable frame;RoW;-4.5717171969839275e-07;kilogram;cutoff39
b2b24d89762eead561e8158525d5fb89;market for waste glass pane in burnable frame;CH;-3.880625025632258e-09;kilogram;cutoff39
b3473b8d4ece17f7c0c536adb02bdf62;treatment of waste paperboard, open burning;GLO;-0.00260975115734594;kilogram;cutoff39
b37a4cdf5d82b5133c0197196ddf7b63;market for waste glass pane in burnable frame;RoW;-21909.8452448362;kilogram;cutoff39
b3cc6d0da1d87ecfc7c96c7f6fabc063;treatment of waste glass, open burning;GLO;-0.015265724881001;kilogram;cutoff39
b585483b2842c0a850f757531a63a91c;treatment of waste polystyrene, open burning;GLO;-0.00674378845855387;kilogram;cutoff39
b5aafc209b2cfa40c06dacc4461d82b5;treatment of waste polyethylene terephthalate, open burning;GLO;-0.0897695128049834;kilogram;cutoff39
b5e12913763bb85426c534c00edbba08;treatment of waste graphical paper, open burning;GLO;-0.0589997881455436;kilogram;cutoff39
b637b2f5012945356fddca17deaf88c3;treatment of waste glass, open burning;GLO;-0.00017434433461976;kilogram;cutoff39
b64c34ff4ca8cca328e408974f45f78b;treatment of waste polypropylene, open burning;GLO;-0.0203629272318968;kilogram;cutoff39
b86639693fb877bf51280bb724d35e08;treatment of waste polypropylene, open burning;GLO;-0.00417186912852553;kilogram;cutoff39
bb3b86d67c0226e1c991e18d3c27373f;treatment of waste glass, open burning;GLO;-0.0624725160068898;kilogram;cutoff39
bb7510bdb75c22c612ca34f9cc2d550c;treatment of waste polyurethane, open burning;GLO;-0.00369092313422926;kilogram;cutoff39
bb776dd71704938b4965412346985ca9;treatment of waste polyurethane, open burning;GLO;-0.0278904162073016;kilogram;cutoff39
bc06a36ca372b4a534690b2d3132e961;treatment of waste wood, untreated, open burning;GLO;-0.113764292129076;kilogram;cutoff39
bc1c69724eef2f3a217579f8f994d63c;treatment of waste polystyrene, open burning;GLO;-0.0897695128049834;kilogram;cutoff39
bca2e9123a869c22235438daf073d3a4;treatment of waste polyethylene terephthalate, open burning;GLO;-0.0275938418728608;kilogram;cutoff39
bcfc5d02d9fa541a314265d1914d83f6;treatment of waste polyethylene, open burning;GLO;-0.0205469906849226;kilogram;cutoff39
be49698fa7b4502b2f96357f60a146c5;treatment of waste glass, open burning;GLO;-0.0860011568767784;kilogram;cutoff39
bea734715ed9b8cdc2a6eb92588b75bf;treatment of waste polyvinylchloride, open burning;GLO;-0.00017434433461976;kilogram;cutoff39
bf2598ae12e2bf7b796868bd33a31d6d;treatment of waste polyvinylchloride, open burning;GLO;-0.0104397907139771;kilogram;cutoff39
bf4e70716041ee22809b31f24bfb0795;treatment of waste glass, open burning;GLO;-0.0143533996706812;kilogram;cutoff39
bf55eb2f92fbdbcb5a6467d8626e5c97;treatment of waste polyvinylchloride, open burning;GLO;-0.000111927049697239;kilogram;cutoff39
bf97c8974c9165d81ab15a8b28ac1600;treatment of waste polystyrene, open burning;GLO;-0.0860011568767784;kilogram;cutoff39
c00c2d7048d7804244effe38695ec030;treatment of waste polyethylene, open burning;GLO;-0.0897695128049834;kilogram;cutoff39
c053f153001b7f0f32a79782a8703d99;treatment of waste polyethylene, open burning;GLO;-0.015265724881001;kilogram;cutoff39
c0d39b3aecc80b2ac54392fcc1eb9fa3;treatment of waste polystyrene, open burning;GLO;-0.0143533996706812;kilogram;cutoff39
c1ad2ddf969c6c8fa843765db645e2d6;treatment of waste polyethylene terephthalate, open burning;GLO;-0.000986035967648575;kilogram;cutoff39
c264c9ce348d35108dc5762177ad6ef6;treatment of waste polyurethane, open burning;GLO;-0.0264593941066286;kilogram;cutoff39
c3344a0b7fb84dae10ec04c4de872a7b;treatment of waste wood, untreated, open burning;GLO;-0.0487658869735807;kilogram;cutoff39
c3495c662b906fb5db79abf0fba62c62;treatment of waste graphical paper, open burning;GLO;-0.0122605420657861;kilogram;cutoff39
c3833d74a1e3bc33661982a30e12a4b7;treatment of waste plastic, mixture, open burning;GLO;-0.00017434433461976;kilogram;cutoff39
c38cdbfc501b0177f6db64c86028e20d;treatment of waste, pneumatic tyres, open burning;GH;-0.111938571428571;kilogram;cutoff39
c38cdbfc501b0177f6db64c86028e20d;treatment of waste, pneumatic tyres, open burning;RoW;-0.888061428571429;kilogram;cutoff39
c3a24894790bf17e5986ddfa9448bfb3;treatment of waste polyurethane, open burning;GLO;-0.00260975115734594;kilogram;cutoff39
c447c326dad6b226e543b138e28aaef8;treatment of waste polyvinylchloride, open burning;GLO;-0.0122605420657861;kilogram;cutoff39
c48713abb615c9cddd3dc351eb78217e;treatment of waste polystyrene, open burning;GLO;-0.00917395587533919;kilogram;cutoff39
c4e2e650e3831c9c0b86b4d5f7d88bc1;treatment of waste polyvinylchloride, open burning;GLO;-0.0487658869735807;kilogram;cutoff39
c4eda7fb6680e4653caa25d2bb6f1ca2;market for waste glass pane in burnable frame;RoW;-323.0;kilogram;cutoff39
c538ef6fe05b202fd0e8204dd52c94b8;treatment of waste polystyrene, open burning;GLO;-0.0589997881455436;kilogram;cutoff39
c5591d226125c227faafb5df97b73d5d;treatment of waste polyvinylchloride, open burning;GLO;-0.0330013176794512;kilogram;cutoff39
c562f96643b10399c0915ee06274467a;treatment of waste glass, open burning;GLO;-0.000111927049697239;kilogram;cutoff39
c586a1a5a1cdf6b392295c7f6f8348d9;treatment of waste polyurethane, open burning;GLO;-0.0871242405735605;kilogram;cutoff39
c5e060c5483a8517aa76ed2fd04030b4;treatment of waste wood, untreated, open burning;GLO;-0.0203629272318968;kilogram;cutoff39
c5e7a4861199ef87da159d5a30398790;treatment of waste polypropylene, open burning;GLO;-0.0122605420657861;kilogram;cutoff39
c614424b5cf4528fd668615ae2742c9b;treatment of waste plastic, mixture, open burning;GLO;-0.000668777328610643;kilogram;cutoff39
c6d8ae022f4dbc2c15e1e6360d2dc48a;treatment of waste polyethylene, open burning;GLO;-0.0203629272318968;kilogram;cutoff39
c86bba3bcc760200ab74d407fe40147c;treatment of waste paperboard, open burning;GLO;-6.36128446588608e-05;kilogram;cutoff39
c8a863cb808254fb8af04839752855e8;treatment of waste polyurethane, open burning;GLO;-0.0205469906849226;kilogram;cutoff39
c8f62b208de95b027eaf69ef0f147cc7;treatment of waste polypropylene, open burning;GLO;-0.0897695128049834;kilogram;cutoff39
c9139ae81edba5bbd10e9f3f3dbe4b95;treatment of waste polyethylene terephthalate, open burning;GLO;-6.36128446588608e-05;kilogram;cutoff39
c9380b32bde36d609b3b78d67ba1c2a8;treatment of waste plastic, mixture, open burning;GLO;-0.015265724881001;kilogram;cutoff39
cb33b3aecfb253e87d41c097f8eb90d3;treatment of waste wood, untreated, open burning;GLO;-0.0205469906849226;kilogram;cutoff39
cbea29af0300acee3b781799a46ab58b;treatment of waste polyvinylchloride, open burning;GLO;-0.00260975115734594;kilogram;cutoff39
cc39e6980c7d6dfb211eeaec9a6057e4;treatment of waste paperboard, open burning;GLO;-0.015265724881001;kilogram;cutoff39
cc455f6ee66b7961d14342300fe5b197;treatment of waste polyethylene terephthalate, open burning;GLO;-0.0122605420657861;kilogram;cutoff39
cd3c9741c691ea9667bd27ebad7fc039;treatment of waste wood, untreated, open burning;GLO;-0.0634286239725263;kilogram;cutoff39
cea8d22cf5076b1cff567c75f92f78c1;treatment of waste polyethylene terephthalate, open burning;GLO;-0.00674378845855387;kilogram;cutoff39
cf0ffc9615aad2ebafe6a94efba73ae2;treatment of municipal solid waste, open burning;GLO;-0.04091;kilogram;cutoff39
cf1533c5f03db024cb432720e9c99746;treatment of waste graphical paper, open burning;GLO;-6.36128446588608e-05;kilogram;cutoff39
cf3f0cddc8423848961a1c5f422e5e80;treatment of waste polyethylene terephthalate, open burning;GLO;-0.0278904162073016;kilogram;cutoff39
cfe65f8ecfd247ea00d1d7e2621937a9;treatment of waste polyvinylchloride, open burning;GLO;-0.000986035967648575;kilogram;cutoff39
d0386e14a046ad12eb091eec5f103aad;treatment of waste paperboard, open burning;GLO;-0.000668777328610643;kilogram;cutoff39
d03e043a225919f9b9bf7cc592fd8498;treatment of waste polyethylene, open burning;GLO;-0.0871242405735605;kilogram;cutoff39
d17ee4821bfe7439ff50b7e09f05d8e4;treatment of waste polyethylene, open burning;GLO;-0.0624725160068898;kilogram;cutoff39
d1d3745f0e5b43fc2b63077e872a5641;treatment of waste graphical paper, open burning;GLO;-0.0275938418728608;kilogram;cutoff39
d21034196b58db2730566e77ae891d5a;treatment of waste polyvinylchloride, open burning;GLO;-0.0135770927668737;kilogram;cutoff39
d3481c526aca7704d743d9600b4ee9e3;treatment of waste polyethylene, open burning;GLO;-0.00260975115734594;kilogram;cutoff39
d3d93921079a422193ac1cd5183acc2d;treatment of waste polypropylene, open burning;GLO;-0.00917395587533919;kilogram;cutoff39
d484838fa9493f5720a8c3e764be4a11;treatment of waste polystyrene, open burning;GLO;-0.284307580310206;kilogram;cutoff39
d73e968819b5d74e0662a53573d8ec5d;treatment of waste graphical paper, open burning;GLO;-0.0291927726473145;kilogram;cutoff39
d82fe5fc2cb5f4474b3e6a11ee171f40;treatment of waste polyethylene terephthalate, open burning;GLO;-0.0143533996706812;kilogram;cutoff39
d8e4014856c8457b1793011b0a5113f3;treatment of waste polyethylene, open burning;GLO;-0.0334239090407301;kilogram;cutoff39
d8f8ef7dccdc5e1bed09b819e873d7ce;treatment of waste polypropylene, open burning;GLO;-0.0487658869735807;kilogram;cutoff39
d935525e42b24bc93a6e5be94ef9670b;treatment of waste polypropylene, open burning;GLO;-0.0143533996706812;kilogram;cutoff39
d9b90bb33c692898bff1366684773cef;treatment of waste polyethylene terephthalate, open burning;GLO;-0.0334239090407301;kilogram;cutoff39
da14bd998a0445c124c111e12d704c28;treatment of waste polystyrene, open burning;GLO;-0.0624725160068898;kilogram;cutoff39
da3bc4e8334cda0cf763cf6bd300c814;treatment of waste polyvinylchloride, open burning;GLO;-0.0278904162073016;kilogram;cutoff39
da96922075be15e6b1d3c07041f49bb3;treatment of waste plastic, mixture, open burning;GLO;-0.0291927726473145;kilogram;cutoff39
da9dd8a587057c367a31a1a122fbd93a;treatment of waste polyethylene, open burning;GLO;-0.0860011568767784;kilogram;cutoff39
daa1da0e0b7b705995ad73a4454944bb;treatment of waste glass, open burning;GLO;-0.000301606625741877;kilogram;cutoff39
dbe73803111663b5a5c4dee3e9059f24;treatment of municipal solid waste, open burning;GLO;-0.0278904;kilogram;cutoff39
dbfda5a12d81f2b40f44b2ff2e2bdbe2;treatment of waste glass, open burning;GLO;-0.00260975115734594;kilogram;cutoff39
dcb1c37a8574f06209e929ff863a2e1d;treatment of waste paperboard, open burning;GLO;-0.000111927049697239;kilogram;cutoff39
dcf49c97ab0997e1581af89d697255ce;treatment of waste polyvinylchloride, open burning;GLO;-0.0275938418728608;kilogram;cutoff39
de5f1dd7cc06f2ef24049aa7ef77d93b;treatment of waste paperboard, open burning;GLO;-0.0589997881455436;kilogram;cutoff39
de888c3a80d112a4564bf7ad605eaf6d;treatment of waste graphical paper, open burning;GLO;-0.0897695128049834;kilogram;cutoff39
deb9a539673888c5095d68e328264fa3;treatment of waste plastic, mixture, open burning;GLO;-0.0871242405735605;kilogram;cutoff39
df16eba11dc3b974f9d70122222ea8e1;treatment of waste glass, open burning;GLO;-0.0794462428184695;kilogram;cutoff39
e03392f39a565264a93d13351c67a6f9;treatment of waste paperboard, open burning;GLO;-0.000182090137116258;kilogram;cutoff39
e03d3394ca6bf57038fb5bfe6461548e;treatment of waste polystyrene, open burning;GLO;-0.0216911062443454;kilogram;cutoff39
e059e5baf72c9ad39198bd9a6172530f;treatment of waste polyvinylchloride, open burning;GLO;-0.000565773149803462;kilogram;cutoff39
e0d2c99c1c42176411a9ff796efcfc81;treatment of waste polypropylene, open burning;GLO;-0.0334239090407301;kilogram;cutoff39
e1320d706d0047aaf6046a0c3a205d2d;treatment of waste polyethylene terephthalate, open burning;GLO;-0.000111927049697239;kilogram;cutoff39
e16695cbd66387476e4b3e41397fab0d;treatment of waste graphical paper, open burning;GLO;-0.0203629272318968;kilogram;cutoff39
e17af8d935c181f18cbe7e4fa6a4307e;treatment of waste polystyrene, open burning;GLO;-0.0104397907139771;kilogram;cutoff39
e1d70a131c6833041a8aa1e0b966aac0;treatment of waste polyvinylchloride, open burning;GLO;-0.00369092313422926;kilogram;cutoff39
e2790df6cf221692d79f3b4d94dc8fc5;treatment of waste polyurethane, open burning;GLO;-0.00674378845855387;kilogram;cutoff39
e32e97162748659f80ca4ddac7a97e5a;treatment of waste polystyrene, open burning;GLO;-0.0135770927668737;kilogram;cutoff39
e369e9c3e120e42a7898ae952def36c1;treatment of waste graphical paper, open burning;GLO;-0.0205469906849226;kilogram;cutoff39
e3738c5eefffbe7d60648d08e065bd58;treatment of waste polyethylene, open burning;GLO;-0.19020481996282;kilogram;cutoff39
e40a423ee5de467e4b0ea36b68b7597d;treatment of waste glass, open burning;GLO;-0.00966043946660359;kilogram;cutoff39
e4840bf34b5369205af84b0e22c88b53;treatment of municipal solid waste, open burning;GLO;-0.00917396;kilogram;cutoff39
e5738fabba6ed9c57de4cba1318ea199;treatment of waste graphical paper, open burning;GLO;-0.0634286239725263;kilogram;cutoff39
e58ae0b369d989326bbdf368bc2c5259;treatment of waste polystyrene, open burning;GLO;-0.0278904162073016;kilogram;cutoff39
e65232111fc6ac7447b957d3080f120e;treatment of municipal solid waste, open burning;GLO;-0.190205;kilogram;cutoff39
e730609df553ffaa5d6bba090c824807;treatment of waste plastic, mixture, open burning;GLO;-0.0203629272318968;kilogram;cutoff39
e735bfd49858bce5b93c732bd8b1509f;treatment of waste graphical paper, open burning;GLO;-0.0330013176794512;kilogram;cutoff39
e8080ba78c8b841bdb3b8d94a748a221;market for waste glass pane in burnable frame;RoW;-22222.990147542;kilogram;cutoff39
e8e815354be1af8924349d85812b739f;treatment of waste glass, open burning;GLO;-0.0487658869735807;kilogram;cutoff39
e9691045e05600015d72be4227d1d1b0;treatment of waste glass pane in burnable frame, sorting plant;CH;-0.18;kilogram;cutoff39
e9691045e05600015d72be4227d1d1b0;treatment of waste glass pane in burnable frame, collection for final disposal;CH;-0.82;kilogram;cutoff39
e9c35375713b86bd170e8d5d99fd3765;treatment of waste polyethylene, open burning;GLO;-0.0330013176794512;kilogram;cutoff39
e9cf48a689537503d93101aee4bec25e;treatment of waste polystyrene, open burning;GLO;-0.0634286239725263;kilogram;cutoff39
e9fd11dcc9c17da113a8476507969f67;treatment of waste plastic, mixture, open burning;GLO;-0.0275938418728608;kilogram;cutoff39
eb1ace9642ac7b99dbc2831bcb7d1a63;treatment of waste polyurethane, open burning;GLO;-0.00017434433461976;kilogram;cutoff39
eb336ba1b6c058b2c9ea484008a62d3d;treatment of municipal solid waste, open burning;GLO;-6.36128e-05;kilogram;cutoff39
eb96fc0e908e8523dcbc9b6725eeab96;treatment of waste polyvinylchloride, open burning;GLO;-0.00674378845855387;kilogram;cutoff39
ec15e3f78a766e6f7b9ba28eb5d7b448;treatment of waste paperboard, open burning;GLO;-0.0409099500836998;kilogram;cutoff39
ec65a988264895a97001f4578d180972;treatment of waste plastic, mixture, open burning;GLO;-0.00917395587533919;kilogram;cutoff39
ed74e6bddc6da85c3bb2c78904536e60;treatment of waste paperboard, open burning;GLO;-0.0107372908969953;kilogram;cutoff39
ee1cfd51c3aa5fbf44dd721f380582b9;treatment of waste paperboard, open burning;GLO;-0.0264593941066286;kilogram;cutoff39
ee26e3f85e27204c1d8b78ad5d828b46;treatment of waste paperboard, open burning;GLO;-0.0122605420657861;kilogram;cutoff39
ef5760678d3eae8299eda4243bf18fc7;treatment of waste graphical paper, open burning;GLO;-0.000182090137116258;kilogram;cutoff39
ef646e0fa483be542f5a7ec6050df864;treatment of waste polyethylene, open burning;GLO;-0.000301606625741877;kilogram;cutoff39
f09c7c0c15c99b672aeb082f66d3d0ef;treatment of waste polypropylene, open burning;GLO;-0.000301606625741877;kilogram;cutoff39
f1d1a4b63f414314f889dd575cbea727;treatment of waste paperboard, open burning;GLO;-0.0275938418728608;kilogram;cutoff39
f20618b020fb0e8f26408df2691e5329;treatment of waste polypropylene, open burning;GLO;-0.0974434868744582;kilogram;cutoff39
f21e8a2b77b5758fedc3f296bdfb3f35;treatment of waste glass, open burning;GLO;-0.113764292129076;kilogram;cutoff39
f226c6e30239ac5bcba06de7f014671e;treatment of waste polyethylene, open burning;GLO;-0.000668777328610643;kilogram;cutoff39
f45cc7c390e7fe10de604e810d093dd2;treatment of waste glass, open burning;GLO;-0.0122605420657861;kilogram;cutoff39
f4c46c8fb4ac626c811743a23b6ee988;treatment of waste glass, open burning;GLO;-6.36128446588608e-05;kilogram;cutoff39
f57010d6ab5cfcfdff6607ca4d0bdd99;treatment of waste polypropylene, open burning;GLO;-0.00260975115734594;kilogram;cutoff39
f6acde3ede89f8164d86d1c80801f2b7;treatment of waste, electrical and electronic cables, open burning;RoW;-0.9;kilogram;cutoff39
f6acde3ede89f8164d86d1c80801f2b7;treatment of waste, electrical and electronic cables, open burning;GH;-0.1;kilogram;cutoff39
f6c53104df83a6bc446dbf31a64c5a66;treatment of waste polyethylene terephthalate, open burning;GLO;-0.00369092313422926;kilogram;cutoff39
f73220092f1874a614a9ead5266b8a7f;treatment of municipal solid waste, open burning;GLO;-0.00417187;kilogram;cutoff39
f78b957657d39008f3e6480afc395a0d;treatment of waste polypropylene, open burning;GLO;-0.0264593941066286;kilogram;cutoff39
f7d9ac78eda73a6f481fb50e967df306;treatment of waste polyethylene terephthalate, open burning;GLO;-0.0203629272318968;kilogram;cutoff39
f843d92a4c39aae21a9bbba5ba8c1d34;treatment of waste paperboard, open burning;GLO;-0.19020481996282;kilogram;cutoff39
f87a7054761e529470c4a84063431937;treatment of waste polyvinylchloride, open burning;GLO;-0.0624725160068898;kilogram;cutoff39
f8a26bb41f89cb6601795bfe45c2865a;treatment of waste plastic, mixture, open burning;GLO;-0.0624725160068898;kilogram;cutoff39
f8d43fab904e69b5680725ee57ffbf2f;treatment of waste wood, untreated, open burning;GLO;-0.0330013176794512;kilogram;cutoff39
f8dc01d62be910ec64f5cb23a44f1486;treatment of waste plastic, mixture, open burning;GLO;-0.0897695128049834;kilogram;cutoff39
f9c32a67f7f251ce9a4b781c9484864b;treatment of waste graphical paper, open burning;GLO;-0.0871242405735605;kilogram;cutoff39
fa106bfcf4a9c5176d38ea62932a6bce;treatment of municipal solid waste, open burning;GLO;-0.000986036;kilogram;cutoff39
faa6dddd059492f48dc942292cf8dbf7;treatment of waste polyurethane, open burning;GLO;-0.0624725160068898;kilogram;cutoff39
fad5e417c13e604476412b08d6b8af3f;treatment of waste polyurethane, open burning;GLO;-0.0143533996706812;kilogram;cutoff39
fbe156a4421595ec7f7139134ea5d65a;treatment of waste wood, untreated, open burning;GLO;-0.19020481996282;kilogram;cutoff39
fbef7e82b0add9f2c5be4ac419d9431f;market for waste glass pane in burnable frame;CH;-323.0;kilogram;cutoff39
fcc26d924465e02c817128d6ef49b25d;treatment of waste wood, untreated, open burning;GLO;-0.0897695128049834;kilogram;cutoff39
fcecfe90fd822728f63b10e1870751f3;treatment of waste polyvinylchloride, open burning;GLO;-0.00417186912852553;kilogram;cutoff39
fd99e0c08bee944800fc4e51e044f092;treatment of waste polyurethane, open burning;GLO;-0.0275938418728608;kilogram;cutoff39
fe26234feef8b217c8ddca7e189de523;treatment of waste polyethylene terephthalate, open burning;GLO;-0.19020481996282;kilogram;cutoff39
fe8016f4725ef43fedd683e9e0283ab9;treatment of waste polypropylene, open burning;GLO;-6.36128446588608e-05;kilogram;cutoff39
fe85acb234931e2436d18a080bd1ad64;treatment of waste polyurethane, open burning;GLO;-0.000111927049697239;kilogram;cutoff39
feae001234f61fd13b900c7de4212a91;treatment of municipal solid waste, open burning;GLO;-0.0122605;kilogram;cutoff39
ff46c2cba901aac293cd24c31a526aa7;treatment of waste polyurethane, open burning;GLO;-0.000668777328610643;kilogram;cutoff39
