01f63ffee15de53e099c9e119594393d;Volume occupied, final repository for low-active radioactive waste;None;4.2206742474616836e-09;cubic meter;cutoff39
01f63ffee15de53e099c9e119594393d;Volume occupied, final repository for radioactive waste;None;8.983012067658278e-10;cubic meter;cutoff39
01f71f608b2b9cdbe222e941954425a9;market for low level radioactive waste;GLO;-0.00054;cubic meter;cutoff39
038ea5123b1b8812f2772a0dd32506c9;market for low level radioactive waste;GLO;-0.000333;cubic meter;cutoff39
05e1831e6a5860494cc5536a6ec5e887;Volume occupied, final repository for low-active radioactive waste;None;1.5228026667480346e-08;cubic meter;cutoff39
05e1831e6a5860494cc5536a6ec5e887;Volume occupied, final repository for radioactive waste;None;3.0017783938868138e-09;cubic meter;cutoff39
07fb7361e77c7e954c03e25c2e7d1fdd;market for low level radioactive waste;GLO;-0.00063;cubic meter;cutoff39
08cbb75559c3d91688f649f1ad738610;market for low level radioactive waste;GLO;-1.58520987654e-08;cubic meter;cutoff39
08cbb75559c3d91688f649f1ad738610;market for low level radioactive waste for final repository;GLO;-3.875e-08;cubic meter;cutoff39
08f75d3ac12b1983ece98e91f905a867;market for low level radioactive waste;GLO;-0.000333;cubic meter;cutoff39
0a0fc39051465aee60d7d82283048e73;Volume occupied, final repository for low-active radioactive waste;None;3.743719526299092e-09;cubic meter;cutoff39
0a0fc39051465aee60d7d82283048e73;Volume occupied, final repository for radioactive waste;None;3.8524445529485085e-10;cubic meter;cutoff39
0b8b34846c414d036b5b1d8569bd4338;market for low level radioactive waste;GLO;-0.00011557245305283687;cubic meter;cutoff39
0c8673930e6837eb8a39c125885e1968;Volume occupied, final repository for low-active radioactive waste;None;8.682113659617581e-09;cubic meter;cutoff39
0c8673930e6837eb8a39c125885e1968;Volume occupied, final repository for radioactive waste;None;1.8737986020681474e-09;cubic meter;cutoff39
0dbf87bb42d3c96d62c014596642aea5;market for low level radioactive waste;GLO;-1.8935606968675065e-06;cubic meter;cutoff39
0e4860ba650b4be1b9b4d4400f377b17;market for low level radioactive waste;GLO;-1.8032e-09;cubic meter;cutoff39
0e4860ba650b4be1b9b4d4400f377b17;market for low level radioactive waste for final repository;GLO;-2.84e-08;cubic meter;cutoff39
0e9f6952ac3a080e98a4705d1a6ff6dc;Volume occupied, final repository for low-active radioactive waste;None;1.3212525881561249e-08;cubic meter;cutoff39
0e9f6952ac3a080e98a4705d1a6ff6dc;Volume occupied, final repository for radioactive waste;None;2.1324233762393703e-09;cubic meter;cutoff39
0fe3caca0a0d51008a48b7c69ada5553;market for low level radioactive waste;GLO;-3.847122041260219e-05;cubic meter;cutoff39
0feade29005ea176debefcfc2594e0d3;Volume occupied, final repository for low-active radioactive waste;None;2.1976110341429346e-10;cubic meter;cutoff39
0feade29005ea176debefcfc2594e0d3;Volume occupied, final repository for radioactive waste;None;4.677254221075539e-11;cubic meter;cutoff39
0feeb99abf2ee7493ce425563d62906a;market for low level radioactive waste for final repository;GLO;-2.262514093869596e-06;cubic meter;cutoff39
1135371b7917ecf92125936f44679eb0;market for low level radioactive waste;GLO;-1.8032e-09;cubic meter;cutoff39
1135371b7917ecf92125936f44679eb0;market for low level radioactive waste for final repository;GLO;-2.84e-08;cubic meter;cutoff39
121fffcec51f44491e64b601b04ad070;market for low level radioactive waste;GLO;-1.91045606229143e-09;cubic meter;cutoff39
121fffcec51f44491e64b601b04ad070;market for low level radioactive waste for final repository;GLO;-8.95439377085651e-09;cubic meter;cutoff39
128e17c70ae77beeea10ce0353f9f653;market for low level radioactive waste;GLO;-0.00054;cubic meter;cutoff39
138a3b4039088fbe855fb8b36698624b;market for low level radioactive waste;GLO;-0.00054;cubic meter;cutoff39
139ae9ce3326948701b57a2191bddd05;market for low level radioactive waste;GLO;-0.00063;cubic meter;cutoff39
14c76da5832d51be3e6772a94d64591c;market for low level radioactive waste;GLO;-4.809644170043467e-07;cubic meter;cutoff39
15015cec0bc369143b54df107eea80ee;Volume occupied, final repository for low-active radioactive waste;None;2.2114817812233438e-10;cubic meter;cutoff39
15015cec0bc369143b54df107eea80ee;Volume occupied, final repository for radioactive waste;None;4.772883231683013e-11;cubic meter;cutoff39
15b167c2def9023e16e6e95382b9434a;market for low level radioactive waste;GLO;-0.0009213759558821784;cubic meter;cutoff39
1620bfec9a7dd478aff40b15bb276c1d;market for low level radioactive waste;GLO;-1.8032e-09;cubic meter;cutoff39
1620bfec9a7dd478aff40b15bb276c1d;market for low level radioactive waste for final repository;GLO;-2.84e-08;cubic meter;cutoff39
1680157c4210b029cf2745e815ea1acd;market for low level radioactive waste;GLO;-1.88212794613e-09;cubic meter;cutoff39
1680157c4210b029cf2745e815ea1acd;market for low level radioactive waste for final repository;GLO;-2.96430976431e-08;cubic meter;cutoff39
16d410623ef49859d2ba55c0be6c3549;Volume occupied, final repository for low-active radioactive waste;None;8.501685733961079e-07;cubic meter;cutoff39
16d410623ef49859d2ba55c0be6c3549;Volume occupied, final repository for radioactive waste;None;1.1616420396817039e-07;cubic meter;cutoff39
17ad13e9d49837170bce2ad54be5c22f;market for low level radioactive waste;GLO;-1.8032e-09;cubic meter;cutoff39
17ad13e9d49837170bce2ad54be5c22f;market for low level radioactive waste for final repository;GLO;-2.84e-08;cubic meter;cutoff39
1877980b9e55a0ef7342bb7499d7cfb1;market for low level radioactive waste;GLO;-1.6568e-08;cubic meter;cutoff39
1877980b9e55a0ef7342bb7499d7cfb1;market for low level radioactive waste for final repository;GLO;-4.05e-08;cubic meter;cutoff39
1a457a73e73abebfcb4adbe4da25b5b4;market for low level radioactive waste for final repository;GLO;-3.6558204197994733e-05;cubic meter;cutoff39
1d386d45e35378f9fea36454bb71611c;market for low level radioactive waste;GLO;-1.8032e-09;cubic meter;cutoff39
1d386d45e35378f9fea36454bb71611c;market for low level radioactive waste for final repository;GLO;-2.84e-08;cubic meter;cutoff39
1e1a7f15c33d93863b49a5f8f440559f;Volume occupied, final repository for low-active radioactive waste;None;5.8427632063810864e-08;cubic meter;cutoff39
1e1a7f15c33d93863b49a5f8f440559f;Volume occupied, final repository for radioactive waste;None;6.012448617068885e-09;cubic meter;cutoff39
1e908add7639eb0c938c1e405b8d115a;market for low level radioactive waste;GLO;-1.91045606229143e-09;cubic meter;cutoff39
1e908add7639eb0c938c1e405b8d115a;market for low level radioactive waste for final repository;GLO;-8.95439377085651e-09;cubic meter;cutoff39
1ee10b9c73e97715a40eda807e4fed28;market for low level radioactive waste;GLO;-0.000333;cubic meter;cutoff39
1f51e3772db7227aefbd9d85629d3bf6;Volume occupied, final repository for low-active radioactive waste;None;4.438116838234959e-09;cubic meter;cutoff39
1f51e3772db7227aefbd9d85629d3bf6;Volume occupied, final repository for radioactive waste;None;5.07012723717822e-10;cubic meter;cutoff39
201037fe53471920ce17c27dc8e4b94a;Volume occupied, final repository for low-active radioactive waste;None;2.089427793678279e-08;cubic meter;cutoff39
201037fe53471920ce17c27dc8e4b94a;Volume occupied, final repository for radioactive waste;None;2.1501089133385105e-09;cubic meter;cutoff39
216af7b592f3fba7df5ae08b957924e6;market for low level radioactive waste;GLO;-1.8032e-09;cubic meter;cutoff39
216af7b592f3fba7df5ae08b957924e6;market for low level radioactive waste for final repository;GLO;-2.84e-08;cubic meter;cutoff39
225099a7be54a7f54610534afa503584;market for low level radioactive waste;GLO;-8.022087916933177e-07;cubic meter;cutoff39
2452c3b693b142c0ced59524553800af;Volume occupied, final repository for low-active radioactive waste;None;1.06413646274578e-08;cubic meter;cutoff39
2452c3b693b142c0ced59524553800af;Volume occupied, final repository for radioactive waste;None;1.8332113199850615e-09;cubic meter;cutoff39
2498da31b2c512dcc7df57adb28d3939;market for low level radioactive waste;GLO;-0.000333;cubic meter;cutoff39
2515708dca03e6ec7ac900de26eb053c;market for low level radioactive waste;GLO;-0.00021112544575534805;cubic meter;cutoff39
266e9e136e718bdde05d8e02bbf74a98;market for low level radioactive waste;GLO;-1.6568e-08;cubic meter;cutoff39
266e9e136e718bdde05d8e02bbf74a98;market for low level radioactive waste for final repository;GLO;-4.05e-08;cubic meter;cutoff39
267e65c77ffbf846bc77ba0144d67b08;market for low level radioactive waste;GLO;-0.00063;cubic meter;cutoff39
26bf4d390d5d9e3733584deeb6cf2f75;market for low level radioactive waste;GLO;-0.00061;cubic meter;cutoff39
27bdefc2f59f8227af9ee3c205cd3b1e;market for low level radioactive waste;GLO;-1.8032e-09;cubic meter;cutoff39
27bdefc2f59f8227af9ee3c205cd3b1e;market for low level radioactive waste for final repository;GLO;-2.84e-08;cubic meter;cutoff39
2995d8876a1aad71b066040aee52439c;market for low level radioactive waste;GLO;-1.8032e-09;cubic meter;cutoff39
2995d8876a1aad71b066040aee52439c;market for low level radioactive waste for final repository;GLO;-2.84e-08;cubic meter;cutoff39
2a4dbfdacdb7c0fd64ad8d5ce3907752;market for low level radioactive waste;GLO;-0.000333;cubic meter;cutoff39
2fbdb4cc68dfcddddbb1cbdf2a3a9c68;market for low level radioactive waste for final repository;GLO;-6.36941051110512e-07;cubic meter;cutoff39
300a5227779a603b31bfab12b257b9cd;market for low level radioactive waste;GLO;-1.6568e-08;cubic meter;cutoff39
300a5227779a603b31bfab12b257b9cd;market for low level radioactive waste for final repository;GLO;-4.25e-08;cubic meter;cutoff39
323fdb63c98e4e0a1713f2852dff6fcb;Volume occupied, final repository for low-active radioactive waste;None;8.127821094135871e-07;cubic meter;cutoff39
323fdb63c98e4e0a1713f2852dff6fcb;Volume occupied, final repository for radioactive waste;None;1.7840348512750162e-07;cubic meter;cutoff39
32569a8fdf6743842df155ff74bd47fa;Volume occupied, final repository for low-active radioactive waste;None;1.1880889263265744e-10;cubic meter;cutoff39
32569a8fdf6743842df155ff74bd47fa;Volume occupied, final repository for radioactive waste;None;2.7726056030034526e-11;cubic meter;cutoff39
33880b08db4133dcff9a9ab8c1403801;treatment of low level radioactive waste, plasma torch incineration;CH;-0.09;cubic meter;cutoff39
33880b08db4133dcff9a9ab8c1403801;treatment of low level radioactive waste, in interim storage;CH;-0.9;cubic meter;cutoff39
33880b08db4133dcff9a9ab8c1403801;treatment of low level radioactive waste, surface or trench deposit;CH;-0.01;cubic meter;cutoff39
3831fa8afe8fcd7147a1d738b827ce4f;market for low level radioactive waste;GLO;-0.0001155724530528369;cubic meter;cutoff39
393dcc9748844628f4516b8ef4c3f9d5;market for low level radioactive waste;GLO;-0.00063;cubic meter;cutoff39
39cc88d7e0581c0631086ac2e6796fd8;market for low level radioactive waste;GLO;-2.6355298424755035e-05;cubic meter;cutoff39
39cdf6a3912273d8083e8e3fbd6ab796;market for low level radioactive waste;GLO;-1.6568e-08;cubic meter;cutoff39
39cdf6a3912273d8083e8e3fbd6ab796;market for low level radioactive waste for final repository;GLO;-4.05e-08;cubic meter;cutoff39
3a12afb4e29a9537f66fec8a460533e2;market for low level radioactive waste;GLO;-6.38270136512892e-07;cubic meter;cutoff39
3b03530ab0a67da8a00ce062b661da83;market for low level radioactive waste;GLO;-0.0009213759558821785;cubic meter;cutoff39
3b315e88f40c2a0b7d001dac17b66ec0;market for low level radioactive waste;GLO;-6.38270136512892e-07;cubic meter;cutoff39
3be87ee697b958f72c84392a16a24228;market for low level radioactive waste;GLO;-0.00063;cubic meter;cutoff39
3e394fdf3364d918d141a7306d812121;Volume occupied, final repository for low-active radioactive waste;None;2.354818563339674e-09;cubic meter;cutoff39
3e394fdf3364d918d141a7306d812121;Volume occupied, final repository for radioactive waste;None;5.082236774477286e-10;cubic meter;cutoff39
4169106476a968a92f441a24a9224a87;market for low level radioactive waste;GLO;-1.91045606229143e-09;cubic meter;cutoff39
4169106476a968a92f441a24a9224a87;market for low level radioactive waste for final repository;GLO;-8.95439377085651e-09;cubic meter;cutoff39
41d39cd8d9205f56905276e496de04bf;Volume occupied, final repository for low-active radioactive waste;None;3.9750905470526644e-09;cubic meter;cutoff39
41d39cd8d9205f56905276e496de04bf;Volume occupied, final repository for radioactive waste;None;8.460327488121931e-10;cubic meter;cutoff39
42d75fa867b2da6c46804120c4ae4bb9;market for low level radioactive waste;GLO;-1.7410440678e-08;cubic meter;cutoff39
42d75fa867b2da6c46804120c4ae4bb9;market for low level radioactive waste for final repository;GLO;-4.25593220339e-08;cubic meter;cutoff39
455f083ef764972d10a4624e7b69cb9c;market for low level radioactive waste;GLO;-1.8032e-09;cubic meter;cutoff39
455f083ef764972d10a4624e7b69cb9c;market for low level radioactive waste for final repository;GLO;-2.84e-08;cubic meter;cutoff39
460a9d4fe9ebea3b6c1906a6731509b2;market for low level radioactive waste;GLO;-1.91045606229143e-09;cubic meter;cutoff39
460a9d4fe9ebea3b6c1906a6731509b2;market for low level radioactive waste for final repository;GLO;-8.95439377085651e-09;cubic meter;cutoff39
47d667f1b03e9ef70f188c5259010d9e;market for low level radioactive waste;GLO;-1.91045606229143e-09;cubic meter;cutoff39
47d667f1b03e9ef70f188c5259010d9e;market for low level radioactive waste for final repository;GLO;-8.95439377085651e-09;cubic meter;cutoff39
48679702c65b41705a1727b79b924eb6;market for low level radioactive waste;GLO;-1.68371084337e-09;cubic meter;cutoff39
48679702c65b41705a1727b79b924eb6;market for low level radioactive waste for final repository;GLO;-2.65180722892e-08;cubic meter;cutoff39
4872017d23821dd18b7d8b81ce34371b;market for low level radioactive waste;GLO;-1.91045606229143e-09;cubic meter;cutoff39
4872017d23821dd18b7d8b81ce34371b;market for low level radioactive waste for final repository;GLO;-8.95439377085651e-09;cubic meter;cutoff39
48d06c7cda6b7d935cadadde72b3c0bd;market for low level radioactive waste;GLO;-0.00063;cubic meter;cutoff39
48d12ca5d14988d03bf24c1cd3993a8e;market for low level radioactive waste;GLO;-0.00063;cubic meter;cutoff39
49c8a2cf589322d05a0192bd3c86f066;market for low level radioactive waste;GLO;-0.00063;cubic meter;cutoff39
4a00f35e047ed6772bbe7499cbed5f95;Volume occupied, final repository for low-active radioactive waste;None;1.0879184948219588e-09;cubic meter;cutoff39
4a00f35e047ed6772bbe7499cbed5f95;Volume occupied, final repository for radioactive waste;None;1.1195138017115323e-10;cubic meter;cutoff39
4a60ccbf934c2f4c44b8a2ed0f0ee259;market for low level radioactive waste;GLO;-1.8032e-09;cubic meter;cutoff39
4a60ccbf934c2f4c44b8a2ed0f0ee259;market for low level radioactive waste for final repository;GLO;-2.84e-08;cubic meter;cutoff39
4a6f98a5bf5462a5423163b0bfd7124a;market for low level radioactive waste;GLO;-0.00054;cubic meter;cutoff39
4a81d737fa687bc186919205ac641982;market for low level radioactive waste;GLO;-1.6568e-08;cubic meter;cutoff39
4a81d737fa687bc186919205ac641982;market for low level radioactive waste for final repository;GLO;-4.05e-08;cubic meter;cutoff39
4acd4d687b320c6a0c913ec43d7f0701;market for low level radioactive waste for final repository;GLO;-3.554316194941921e-05;cubic meter;cutoff39
4b260f767225fa77a3f835340b5ad95c;Volume occupied, final repository for low-active radioactive waste;None;6.697055232244352e-09;cubic meter;cutoff39
4b260f767225fa77a3f835340b5ad95c;Volume occupied, final repository for radioactive waste;None;1.3076783478408171e-09;cubic meter;cutoff39
4c32bd84ffe1fd7ce0aa5821d1bb5f68;Volume occupied, final repository for low-active radioactive waste;None;8.580642245691923e-09;cubic meter;cutoff39
4c32bd84ffe1fd7ce0aa5821d1bb5f68;Volume occupied, final repository for radioactive waste;None;2.0024373799469375e-09;cubic meter;cutoff39
4c96d76049fd48ead9639d60bb8d8298;market for low level radioactive waste;GLO;-3.260868311739346e-05;cubic meter;cutoff39
4f795da533a052d71597085983de4445;market for high level radioactive waste for final repository;RoW;-0.00235;cubic meter;cutoff39
500ec68591dc6c9432bd57a4cfeeb259;Volume occupied, final repository for low-active radioactive waste;None;6.36065470053566e-11;cubic meter;cutoff39
500ec68591dc6c9432bd57a4cfeeb259;Volume occupied, final repository for radioactive waste;None;1.2694590588598109e-11;cubic meter;cutoff39
502779d16aa19a08c2327cff8ac28f3f;market for low level radioactive waste;GLO;-1.8032e-09;cubic meter;cutoff39
502779d16aa19a08c2327cff8ac28f3f;market for low level radioactive waste for final repository;GLO;-2.84e-08;cubic meter;cutoff39
52fe0602aa8c767c506427b8d5bce0a4;Volume occupied, final repository for low-active radioactive waste;None;2.4649252606826557e-06;cubic meter;cutoff39
52fe0602aa8c767c506427b8d5bce0a4;Volume occupied, final repository for radioactive waste;None;3.426898498620686e-07;cubic meter;cutoff39
5358fa83dfa66b69a15bb982a92bcb02;Volume occupied, final repository for low-active radioactive waste;None;7.56236738219775e-10;cubic meter;cutoff39
5358fa83dfa66b69a15bb982a92bcb02;Volume occupied, final repository for radioactive waste;None;1.609525717252465e-10;cubic meter;cutoff39
54608e942c2f7d61fc9acec49af1b94b;market for low level radioactive waste;GLO;-1.89488813559e-09;cubic meter;cutoff39
54608e942c2f7d61fc9acec49af1b94b;market for low level radioactive waste for final repository;GLO;-2.98440677966e-08;cubic meter;cutoff39
54a67671d0de9c7f5aecfe5a72fbc3c4;market for low level radioactive waste;GLO;-1.8032e-09;cubic meter;cutoff39
54a67671d0de9c7f5aecfe5a72fbc3c4;market for low level radioactive waste for final repository;GLO;-2.84e-08;cubic meter;cutoff39
550bec3fe2fa55c48cf8ab3022ea5c8d;market for low level radioactive waste;GLO;-0.000333;cubic meter;cutoff39
5542b1d1cd906988940c295f07e42a16;market for low level radioactive waste for final repository;GLO;-4.059684785629145e-05;cubic meter;cutoff39
55fefb0f809a64eadabd6807dbf0ddc7;market for low level radioactive waste;GLO;-1.91045606229143e-09;cubic meter;cutoff39
55fefb0f809a64eadabd6807dbf0ddc7;market for low level radioactive waste for final repository;GLO;-8.95439377085651e-09;cubic meter;cutoff39
567daeb847eb9ddc271ff1fc2d910830;market for low level radioactive waste;GLO;-1.6568e-08;cubic meter;cutoff39
567daeb847eb9ddc271ff1fc2d910830;market for low level radioactive waste for final repository;GLO;-4.05e-08;cubic meter;cutoff39
571bbb2ac35882cdcad904bce26c6657;market for low level radioactive waste;GLO;-1.6878911649750387e-05;cubic meter;cutoff39
5765a7c4db46bf0c64a3556f8d45e2cd;Volume occupied, final repository for low-active radioactive waste;None;1.1963030992513447e-08;cubic meter;cutoff39
5765a7c4db46bf0c64a3556f8d45e2cd;Volume occupied, final repository for radioactive waste;None;1.9244288846885215e-09;cubic meter;cutoff39
5766df86f0f13743b55dffca4007f8c1;market for low level radioactive waste;GLO;-1.8032e-09;cubic meter;cutoff39
5766df86f0f13743b55dffca4007f8c1;market for low level radioactive waste for final repository;GLO;-2.84e-08;cubic meter;cutoff39
585853ba991ef5faa1b735a29e1cc977;Volume occupied, final repository for low-active radioactive waste;None;3.2160506645412623e-08;cubic meter;cutoff39
585853ba991ef5faa1b735a29e1cc977;Volume occupied, final repository for radioactive waste;None;4.3903231806803146e-09;cubic meter;cutoff39
58888a5cad4b05dd8f9fab2cef139606;market for low level radioactive waste;GLO;-0.00054;cubic meter;cutoff39
58a1d2b4151a8e0c2c89ae5cd06b07f6;Volume occupied, final repository for low-active radioactive waste;None;4.7480294297371984e-09;cubic meter;cutoff39
58a1d2b4151a8e0c2c89ae5cd06b07f6;Volume occupied, final repository for radioactive waste;None;5.547215545758371e-10;cubic meter;cutoff39
59c1aed68245f50517336f7fddce7345;market for low level radioactive waste;GLO;-1.91045606229143e-09;cubic meter;cutoff39
59c1aed68245f50517336f7fddce7345;market for low level radioactive waste for final repository;GLO;-8.95439377085651e-09;cubic meter;cutoff39
5a2719a7cb4b9f558a1c63961703679b;market for low level radioactive waste;GLO;-0.00061;cubic meter;cutoff39
5b4f3b3f7bad73a0566fbbdc48ba6551;market for low level radioactive waste;GLO;-1.91045606229143e-09;cubic meter;cutoff39
5b4f3b3f7bad73a0566fbbdc48ba6551;market for low level radioactive waste for final repository;GLO;-8.95439377085651e-09;cubic meter;cutoff39
5b66370edb31ba2aa4af604f5d28c9fa;market for low level radioactive waste for final repository;GLO;-3.364400215597064e-05;cubic meter;cutoff39
5c95a9130a6183d5707a72cd43e768f9;Volume occupied, final repository for low-active radioactive waste;None;2.270534459355935e-10;cubic meter;cutoff39
5c95a9130a6183d5707a72cd43e768f9;Volume occupied, final repository for radioactive waste;None;4.2726634220624695e-11;cubic meter;cutoff39
5ced73b7466b64f99d56d7bab8f9b590;market for low level radioactive waste;GLO;-1.8032e-09;cubic meter;cutoff39
5ced73b7466b64f99d56d7bab8f9b590;market for low level radioactive waste for final repository;GLO;-2.98e-08;cubic meter;cutoff39
5d58b14a148e54201bec3f855bdc0117;market for low level radioactive waste;GLO;-2.0905017242151985e-06;cubic meter;cutoff39
5e5a9c921399c88c79b0d463b7f4fcc5;market for low level radioactive waste;GLO;-0.00063;cubic meter;cutoff39
5e94e5439c7a257486e86e7546fed142;market for low level radioactive waste;GLO;-3.260868311739346e-05;cubic meter;cutoff39
5f8df3daaaf9619512eeb71136053b4c;market for low level radioactive waste;GLO;-0.00435;cubic meter;cutoff39
5fe404feed59da3af3c71f821284ce8e;treatment of low level radioactive waste for final repository;CH;-0.00841688555967824;cubic meter;cutoff39
5fe404feed59da3af3c71f821284ce8e;treatment of low level radioactive waste for final repository;RoW;-0.991583114440322;cubic meter;cutoff39
5fec2434b1a23f9d8c00d4ec8e284858;Volume occupied, final repository for low-active radioactive waste;None;7.15745421526892e-08;cubic meter;cutoff39
5fec2434b1a23f9d8c00d4ec8e284858;Volume occupied, final repository for radioactive waste;None;1.5608269419657553e-08;cubic meter;cutoff39
63cd2cde457e126e9a634dbb7035458b;Volume occupied, final repository for low-active radioactive waste;None;1.2650946900699642e-09;cubic meter;cutoff39
63cd2cde457e126e9a634dbb7035458b;Volume occupied, final repository for radioactive waste;None;2.9523115217166424e-10;cubic meter;cutoff39
689e9dff8a0b28625409e1d972a55a66;market for low level radioactive waste;GLO;-1.8032e-09;cubic meter;cutoff39
689e9dff8a0b28625409e1d972a55a66;market for low level radioactive waste for final repository;GLO;-2.84e-08;cubic meter;cutoff39
68ba366adc96c65b3fceaa28a7405c85;market for low level radioactive waste;GLO;-1.8032e-09;cubic meter;cutoff39
68ba366adc96c65b3fceaa28a7405c85;market for low level radioactive waste for final repository;GLO;-2.84e-08;cubic meter;cutoff39
68c3e3b7dd6d3e2ee7500e684486731e;market for high level radioactive waste for final repository;CH;-0.0024;cubic meter;cutoff39
69ece6fe802bf268bfb2768b0c40f7f0;market for low level radioactive waste;GLO;-1.8032e-09;cubic meter;cutoff39
69ece6fe802bf268bfb2768b0c40f7f0;market for low level radioactive waste for final repository;GLO;-2.84e-08;cubic meter;cutoff39
6b1b484ff255d574cf09a341353e963b;Volume occupied, final repository for low-active radioactive waste;None;1.0934338971061223e-08;cubic meter;cutoff39
6b1b484ff255d574cf09a341353e963b;Volume occupied, final repository for radioactive waste;None;2.3433382234749306e-09;cubic meter;cutoff39
6d24e53d53d5faa6e192fb97e3e03f5c;market for low level radioactive waste;GLO;-0.00063;cubic meter;cutoff39
6d66d60b7eb6e38a1bd00e92c86e8ecf;market for low level radioactive waste;GLO;-0.00063;cubic meter;cutoff39
6e6eb6a7a762917a47d756940cbe744b;market for low level radioactive waste;GLO;-1.8032e-09;cubic meter;cutoff39
6e6eb6a7a762917a47d756940cbe744b;market for low level radioactive waste for final repository;GLO;-2.84e-08;cubic meter;cutoff39
6f4cab22f5c7cd3ac454265ce8dc04e4;market for low level radioactive waste;GLO;-4.809644170043467e-07;cubic meter;cutoff39
6fa8dcce97104afa7122f027d708ef4f;market for low level radioactive waste;GLO;-1.53315820896e-08;cubic meter;cutoff39
6fa8dcce97104afa7122f027d708ef4f;market for low level radioactive waste for final repository;GLO;-3.74776119403e-08;cubic meter;cutoff39
7047cb711a0dc0ab01987fc5a5b5348f;Volume occupied, final repository for low-active radioactive waste;None;1.749798809795906e-08;cubic meter;cutoff39
7047cb711a0dc0ab01987fc5a5b5348f;Volume occupied, final repository for radioactive waste;None;2.3832316989106474e-09;cubic meter;cutoff39
70bcbc08e190141d14d7d635da9b15e5;market for low level radioactive waste;GLO;-1.8032e-09;cubic meter;cutoff39
70bcbc08e190141d14d7d635da9b15e5;market for low level radioactive waste for final repository;GLO;-2.84e-08;cubic meter;cutoff39
70fa20ddcfd8765838889943aff0a1c4;market for low level radioactive waste;GLO;-2.6355298424755032e-05;cubic meter;cutoff39
71456a29a990c9edef1e7072c42c6241;market for low level radioactive waste;GLO;-1.8032e-09;cubic meter;cutoff39
71456a29a990c9edef1e7072c42c6241;market for low level radioactive waste for final repository;GLO;-2.84e-08;cubic meter;cutoff39
722a0b83f626c2cf7dba44a022dbbe23;market for high level radioactive waste for final repository;RoW;-0.0023;cubic meter;cutoff39
72d33ebf18fbfd916dd08d44f113f3a3;market for low level radioactive waste;GLO;-0.00063;cubic meter;cutoff39
735040f8ea42075887a36631319bdaa6;market for low level radioactive waste;GLO;-1.91045606229143e-09;cubic meter;cutoff39
735040f8ea42075887a36631319bdaa6;market for low level radioactive waste for final repository;GLO;-8.95439377085651e-09;cubic meter;cutoff39
7470261b2a3848f2168af885ac3bee08;Volume occupied, final repository for low-active radioactive waste;None;1.475861411708742e-11;cubic meter;cutoff39
7470261b2a3848f2168af885ac3bee08;Volume occupied, final repository for radioactive waste;None;1.7979673520436508e-12;cubic meter;cutoff39
7567c2bb9922a66e48328850bcebac04;Volume occupied, final repository for low-active radioactive waste;None;1.9678525715161893e-08;cubic meter;cutoff39
7567c2bb9922a66e48328850bcebac04;Volume occupied, final repository for radioactive waste;None;2.0250029060370346e-09;cubic meter;cutoff39
75b7d19ddc9f79021472abb7d2efd0d4;market for low level radioactive waste;GLO;-0.00054;cubic meter;cutoff39
765901012f8fee38ef922a7db4e80ec8;market for low level radioactive waste;GLO;-0.000333;cubic meter;cutoff39
769f18d95f8e90abcea3a72c591b7c59;market for low level radioactive waste for final repository;GLO;-3.3644002155970645e-05;cubic meter;cutoff39
78902b98f44b000e44b51c5a5f12377d;Volume occupied, final repository for low-active radioactive waste;None;1.2283290413460434e-08;cubic meter;cutoff39
78902b98f44b000e44b51c5a5f12377d;Volume occupied, final repository for radioactive waste;None;1.8664056118103225e-09;cubic meter;cutoff39
7bab232dceb73a7d064c4a6c47339e46;market for low level radioactive waste;GLO;-0.00063;cubic meter;cutoff39
7cc0a45eef61b2f79f83e3b60332cd22;market for low level radioactive waste;GLO;-1.69906382979e-09;cubic meter;cutoff39
7cc0a45eef61b2f79f83e3b60332cd22;market for low level radioactive waste for final repository;GLO;-2.67598784195e-08;cubic meter;cutoff39
7d12f075059376f5ed16c9454886d369;market for low level radioactive waste;GLO;-1.6568e-08;cubic meter;cutoff39
7d12f075059376f5ed16c9454886d369;market for low level radioactive waste for final repository;GLO;-4.05e-08;cubic meter;cutoff39
7dbcbcbf7020306f783f94e7be796ab9;Volume occupied, final repository for low-active radioactive waste;None;4.452993227826361e-10;cubic meter;cutoff39
7dbcbcbf7020306f783f94e7be796ab9;Volume occupied, final repository for radioactive waste;None;6.07890901940352e-11;cubic meter;cutoff39
7e871bdbea11c817c4c5f8a5ab9d6ce8;market for low level radioactive waste;GLO;-0.00054;cubic meter;cutoff39
805d1865b6bad3ea37c7e143a015cd8e;market for low level radioactive waste;GLO;-6.798379592981755e-05;cubic meter;cutoff39
8150f71a5dbd0e53761694e8a2ac70f1;market for low level radioactive waste;GLO;-1.8312049187813646e-05;cubic meter;cutoff39
815af1aeaebf26b7227014002636fb86;Volume occupied, final repository for low-active radioactive waste;None;4.741613159259556e-09;cubic meter;cutoff39
815af1aeaebf26b7227014002636fb86;Volume occupied, final repository for radioactive waste;None;6.472912381772273e-10;cubic meter;cutoff39
81edb1b56a722ff945a6d589ad7ecd2c;Volume occupied, final repository for low-active radioactive waste;None;4.664349118170991e-09;cubic meter;cutoff39
81edb1b56a722ff945a6d589ad7ecd2c;Volume occupied, final repository for radioactive waste;None;1.0885044219198737e-09;cubic meter;cutoff39
83ec2a312190c36d92bad4edd1d02cb5;market for low level radioactive waste;GLO;-1.91045606229143e-09;cubic meter;cutoff39
83ec2a312190c36d92bad4edd1d02cb5;market for low level radioactive waste for final repository;GLO;-8.95439377085651e-09;cubic meter;cutoff39
848547f08207ef400023db6310fe15d5;market for low level radioactive waste;GLO;-1.8032e-09;cubic meter;cutoff39
848547f08207ef400023db6310fe15d5;market for low level radioactive waste for final repository;GLO;-2.84e-08;cubic meter;cutoff39
85f677a4e3fbeb52daed15c4037983b6;Volume occupied, final repository for low-active radioactive waste;None;1.639830442868175e-08;cubic meter;cutoff39
85f677a4e3fbeb52daed15c4037983b6;Volume occupied, final repository for radioactive waste;None;3.0858124714895605e-09;cubic meter;cutoff39
85ff5c840d1292322e1159a6527f1450;market for low level radioactive waste;GLO;-2.02968276215101e-05;cubic meter;cutoff39
86ed0919156e7442dc77b754cca11dd7;market for low level radioactive waste;GLO;-0.000333;cubic meter;cutoff39
8856afa57bf30b0bde1635bf1f4ccee9;market for low level radioactive waste;GLO;-1.8032e-09;cubic meter;cutoff39
8856afa57bf30b0bde1635bf1f4ccee9;market for low level radioactive waste for final repository;GLO;-2.84e-08;cubic meter;cutoff39
88f29e7346d3d41b2f102683fea7dbeb;market for low level radioactive waste;GLO;-0.00063;cubic meter;cutoff39
89278476b98b114bbf77679ae7992095;market for low level radioactive waste;GLO;-3.847122041260219e-05;cubic meter;cutoff39
893e88fea630463eb65f886f63f50201;Volume occupied, final repository for low-active radioactive waste;None;2.2166733735516396e-11;cubic meter;cutoff39
893e88fea630463eb65f886f63f50201;Volume occupied, final repository for radioactive waste;None;3.2596162702583415e-12;cubic meter;cutoff39
89f3e8d1b75e179be2340d2bdc918e5f;market for low level radioactive waste;GLO;-2.090501724215199e-06;cubic meter;cutoff39
8dfc7a0d94762108d072b327061be1cc;market for low level radioactive waste;GLO;-0.000333;cubic meter;cutoff39
8e90d60efb3fe71ead7607c24c55ef66;market for low level radioactive waste;GLO;-1.6568e-08;cubic meter;cutoff39
8e90d60efb3fe71ead7607c24c55ef66;market for low level radioactive waste for final repository;GLO;-4.05e-08;cubic meter;cutoff39
8f9e8fa3cfec735c42374568b34e98bb;market for low level radioactive waste;GLO;-1.8032e-09;cubic meter;cutoff39
8f9e8fa3cfec735c42374568b34e98bb;market for low level radioactive waste for final repository;GLO;-2.84e-08;cubic meter;cutoff39
8fed2eab90760494452e8f497dba99d9;market for low level radioactive waste;GLO;-0.00063;cubic meter;cutoff39
9064779584b46b63db0a8b860eec3179;market for low level radioactive waste;GLO;-0.0034485308297969855;cubic meter;cutoff39
90ab578309f3e75ba52cc15a4f79bb77;market for low level radioactive waste for final repository;GLO;-4.317235486101195e-05;cubic meter;cutoff39
90e7108f700511b1e4ef862b9de28d46;market for low level radioactive waste;GLO;-1.6878911649750387e-05;cubic meter;cutoff39
911590a0f069f3805d4c695f7a2d69e4;market for low level radioactive waste for final repository;GLO;-1.4544733460590252e-06;cubic meter;cutoff39
914066b6845b0f001644f9bf5bbceb02;market for low level radioactive waste;GLO;-4.7029994201209924e-05;cubic meter;cutoff39
91d96ee1a01280e88ea64828339f9c40;market for low level radioactive waste for final repository;GLO;-5.2176345430053925e-06;cubic meter;cutoff39
91f1b99fe30d464974aee8188de70779;market for low level radioactive waste;GLO;-1.8935606968675065e-06;cubic meter;cutoff39
930d264a94c2f4bde1fa7d5094c0b22d;market for low level radioactive waste for final repository;GLO;-2.997152430538148e-06;cubic meter;cutoff39
97ee4b4f12e9c5b4e5e8edc221732d8d;market for low level radioactive waste for final repository;GLO;-9.043504896529527e-07;cubic meter;cutoff39
98b2ce26bced7c1f882d3186747c7d70;market for low level radioactive waste;GLO;-0.000333;cubic meter;cutoff39
98b34aef569f3169916eeb2558d96051;market for low level radioactive waste;GLO;-0.00063;cubic meter;cutoff39
9a73b1db0029d1c1bce6bab49a8fd0d6;Volume occupied, final repository for low-active radioactive waste;None;2.516881658208875e-07;cubic meter;cutoff39
9a73b1db0029d1c1bce6bab49a8fd0d6;Volume occupied, final repository for radioactive waste;None;5.6810993415161446e-08;cubic meter;cutoff39
9cf009b587e63eb0fa77a485cfba4554;market for low level radioactive waste;GLO;-0.000333;cubic meter;cutoff39
9cf04fb202d81fc788f036fb89afd234;market for low level radioactive waste;GLO;-0.000333;cubic meter;cutoff39
9e5776c14c25621565f1bbca84894962;Volume occupied, final repository for low-active radioactive waste;None;6.372538084509298e-12;cubic meter;cutoff39
9e5776c14c25621565f1bbca84894962;Volume occupied, final repository for radioactive waste;None;9.370811717662167e-13;cubic meter;cutoff39
9e670f0ab299fe974d54e811f18cc5e8;market for low level radioactive waste;GLO;-1.91045606229143e-09;cubic meter;cutoff39
9e670f0ab299fe974d54e811f18cc5e8;market for low level radioactive waste for final repository;GLO;-8.95439377085651e-09;cubic meter;cutoff39
9e8928bf1f57f00a68e088fc2d28739a;Volume occupied, final repository for low-active radioactive waste;None;1.7643248011669002e-09;cubic meter;cutoff39
9e8928bf1f57f00a68e088fc2d28739a;Volume occupied, final repository for radioactive waste;None;1.9852070342667499e-10;cubic meter;cutoff39
9f8d38c4251bd165194790bb87b84d57;market for low level radioactive waste;GLO;-1.6568e-08;cubic meter;cutoff39
9f8d38c4251bd165194790bb87b84d57;market for low level radioactive waste for final repository;GLO;-4.05e-08;cubic meter;cutoff39
a03ab7b01c4decdb28f019a18213ad54;market for low level radioactive waste;GLO;-1.91045606229143e-09;cubic meter;cutoff39
a03ab7b01c4decdb28f019a18213ad54;market for low level radioactive waste for final repository;GLO;-8.95439377085651e-09;cubic meter;cutoff39
a0bbf484977eb9c29ecb884931d3e047;Volume occupied, final repository for low-active radioactive waste;None;4.8173079501172095e-12;cubic meter;cutoff39
a0bbf484977eb9c29ecb884931d3e047;Volume occupied, final repository for radioactive waste;None;1.0666439691221102e-12;cubic meter;cutoff39
a2ff370abc29ff17f8ea0dec7af128fe;Volume occupied, final repository for low-active radioactive waste;None;3.739309055742591e-08;cubic meter;cutoff39
a2ff370abc29ff17f8ea0dec7af128fe;Volume occupied, final repository for radioactive waste;None;4.987384977415847e-09;cubic meter;cutoff39
a63ed7a83beaed77667db112364384d5;Volume occupied, final repository for low-active radioactive waste;None;1.1802465858739497e-08;cubic meter;cutoff39
a63ed7a83beaed77667db112364384d5;Volume occupied, final repository for radioactive waste;None;2.511961052216795e-09;cubic meter;cutoff39
aaeb5d0b5eb47f84b50bcdb336632d62;market for low level radioactive waste;GLO;-0.000333;cubic meter;cutoff39
abcdd0c9afcac3b83e5661838ee2ca27;market for low level radioactive waste;GLO;-1.8935606968675065e-06;cubic meter;cutoff39
b08967693aac697a9b40fd0f2c2d024e;market for low level radioactive waste;GLO;-0.00063;cubic meter;cutoff39
b12d35c7d8dba8e6ad2ef9ac2eded1b1;market for low level radioactive waste;GLO;-0.00063;cubic meter;cutoff39
b1bb0c215902ffa1ab76d6676a4c48e7;market for low level radioactive waste;GLO;-0.00063;cubic meter;cutoff39
b1c9b74fa0efc59f09d46c92e4073109;market for low level radioactive waste;GLO;-0.000333;cubic meter;cutoff39
b2719885cc68145d0d651ea785cc1717;Volume occupied, final repository for low-active radioactive waste;None;2.284964872869271e-08;cubic meter;cutoff39
b2719885cc68145d0d651ea785cc1717;Volume occupied, final repository for radioactive waste;None;3.950799197805276e-09;cubic meter;cutoff39
b37f46c22280b026c7a617f8ba3cfce8;market for low level radioactive waste for final repository;GLO;-4.010678782658491e-06;cubic meter;cutoff39
b4a56e5271e96ec6832843ca048464aa;market for low level radioactive waste;GLO;-5.960533692829086e-05;cubic meter;cutoff39
b6281a0a62051e62a7dd67c1e123124b;market for low level radioactive waste;GLO;-0.00054;cubic meter;cutoff39
b69530965a4574aa75aa02e27ae6583f;Volume occupied, final repository for low-active radioactive waste;None;1.7482121561096094e-08;cubic meter;cutoff39
b69530965a4574aa75aa02e27ae6583f;Volume occupied, final repository for radioactive waste;None;2.3865346520621247e-09;cubic meter;cutoff39
b72a040a4db9dbb93afe837af9cf2c38;market for low level radioactive waste;GLO;-1.8032e-09;cubic meter;cutoff39
b72a040a4db9dbb93afe837af9cf2c38;market for low level radioactive waste for final repository;GLO;-2.84e-08;cubic meter;cutoff39
b79138068a84dd838a545f8d296e5cad;market for low level radioactive waste;GLO;-1.6568e-08;cubic meter;cutoff39
b79138068a84dd838a545f8d296e5cad;market for low level radioactive waste for final repository;GLO;-4.05e-08;cubic meter;cutoff39
b87e846ab68afca55b884fc25e8af375;market for low level radioactive waste;GLO;-8.022087916933175e-07;cubic meter;cutoff39
b8f3e317aead48f8b7473d1ea9d63ec4;market for low level radioactive waste;GLO;-1.5275187519508295e-05;cubic meter;cutoff39
bbda40f06abe5cea325b5e201dc1c066;market for low level radioactive waste for final repository;GLO;-0.00014087673003412702;cubic meter;cutoff39
be294c2ef4c95594bc1a24c3f166c08e;market for low level radioactive waste;GLO;-1.91045606229143e-09;cubic meter;cutoff39
be294c2ef4c95594bc1a24c3f166c08e;market for low level radioactive waste for final repository;GLO;-8.95439377085651e-09;cubic meter;cutoff39
c07c71843f000351c49e44d50b459a82;market for low level radioactive waste;GLO;-1.8032e-09;cubic meter;cutoff39
c07c71843f000351c49e44d50b459a82;market for low level radioactive waste for final repository;GLO;-2.84e-08;cubic meter;cutoff39
c12eb9d26d3112d6e7c3a810e80f05b7;market for low level radioactive waste;GLO;-0.00063;cubic meter;cutoff39
c1c1ff7d2283552fead97dfb29ad25fb;market for low level radioactive waste;GLO;-0.0034485308297969855;cubic meter;cutoff39
c1e1f5f0ddf4bed34ff28ad37016279c;market for low level radioactive waste;GLO;-6.798379592981755e-05;cubic meter;cutoff39
c1e2beea527694240073278c86acef20;market for low level radioactive waste;GLO;-4.809644170043467e-07;cubic meter;cutoff39
c41ee48ea5a1a04898906cd1359d5ac3;market for low level radioactive waste;GLO;-1.8312049187813646e-05;cubic meter;cutoff39
c62cad22dfef4c009028fa7b69d23ed8;market for low level radioactive waste;GLO;-0.00063;cubic meter;cutoff39
c67b68618329be03414edba66fd5055a;market for low level radioactive waste;GLO;-5.9605336928290866e-05;cubic meter;cutoff39
c6e9bbe572e797069cedec21f2a855ba;market for low level radioactive waste;GLO;-0.00061;cubic meter;cutoff39
c7f68bb6da4b08693bd56feb90cc4ecb;Volume occupied, final repository for low-active radioactive waste;None;4.931336932534768e-12;cubic meter;cutoff39
c7f68bb6da4b08693bd56feb90cc4ecb;Volume occupied, final repository for radioactive waste;None;9.86253606761509e-13;cubic meter;cutoff39
c7fb86b67679ec9a1618540f0421d52b;market for low level radioactive waste;GLO;-0.00063;cubic meter;cutoff39
c8e84854c8dad69067fa5b12ff430e01;market for low level radioactive waste;GLO;-0.00063;cubic meter;cutoff39
ca530d9b4266ec3b125d3c47b9b2c6fc;market for low level radioactive waste;GLO;-0.00435;cubic meter;cutoff39
cdaffd7f137d36df9148d21fb9a33e9f;Volume occupied, final repository for low-active radioactive waste;None;4.597115675484418e-09;cubic meter;cutoff39
cdaffd7f137d36df9148d21fb9a33e9f;Volume occupied, final repository for radioactive waste;None;5.310054909763008e-10;cubic meter;cutoff39
ce3be772b65968ca139f09ceea41adc7;Volume occupied, final repository for low-active radioactive waste;None;6.62820954739783e-09;cubic meter;cutoff39
ce3be772b65968ca139f09ceea41adc7;Volume occupied, final repository for radioactive waste;None;9.797704671317244e-10;cubic meter;cutoff39
cf383c83a2847ba36c193b2badd42ccf;market for low level radioactive waste;GLO;-2.6355298424755035e-05;cubic meter;cutoff39
cf3df321360581e798b51dc61cee82b3;market for low level radioactive waste;GLO;-0.00063;cubic meter;cutoff39
cf52b729ac5d085e3abd9462bab7b3c3;Volume occupied, final repository for low-active radioactive waste;None;8.913950099693675e-09;cubic meter;cutoff39
cf52b729ac5d085e3abd9462bab7b3c3;Volume occupied, final repository for radioactive waste;None;1.677416010143044e-09;cubic meter;cutoff39
cfedd6c168c8c2e3300f90294d2acb9a;Volume occupied, final repository for low-active radioactive waste;None;1.2379317286381278e-08;cubic meter;cutoff39
cfedd6c168c8c2e3300f90294d2acb9a;Volume occupied, final repository for radioactive waste;None;2.1101409212353577e-09;cubic meter;cutoff39
d479c8ee07bd4d4ae94c2fe59b966c91;market for low level radioactive waste;GLO;-0.000333;cubic meter;cutoff39
d608641369790f4102d9f31c0e2bac5d;Volume occupied, final repository for low-active radioactive waste;None;2.743056369722495e-08;cubic meter;cutoff39
d608641369790f4102d9f31c0e2bac5d;Volume occupied, final repository for radioactive waste;None;4.194758037524837e-09;cubic meter;cutoff39
d62f6526a5314f8ac25746897174ea70;market for low level radioactive waste;GLO;-1.8032e-09;cubic meter;cutoff39
d62f6526a5314f8ac25746897174ea70;market for low level radioactive waste for final repository;GLO;-2.84e-08;cubic meter;cutoff39
d6e1cd221c5158255001ed880cb36d8a;market for low level radioactive waste;GLO;-0.00054;cubic meter;cutoff39
d73f971b635b7a5a303635f91d91a90f;market for low level radioactive waste;GLO;-1.6568e-08;cubic meter;cutoff39
d73f971b635b7a5a303635f91d91a90f;market for low level radioactive waste for final repository;GLO;-4.05e-08;cubic meter;cutoff39
da4943ed45232569e4e82d2a49048816;Volume occupied, final repository for low-active radioactive waste;None;1.6947949198730734e-10;cubic meter;cutoff39
da4943ed45232569e4e82d2a49048816;Volume occupied, final repository for radioactive waste;None;2.1900180982896585e-11;cubic meter;cutoff39
db8613235033f06e71226b00e6c1c523;market for low level radioactive waste;GLO;-0.00063;cubic meter;cutoff39
db8bc68323f0c50a40355606d4142976;market for low level radioactive waste;GLO;-1.8032e-09;cubic meter;cutoff39
db8bc68323f0c50a40355606d4142976;market for low level radioactive waste for final repository;GLO;-2.84e-08;cubic meter;cutoff39
dcd096a8ef65d968a3eeea7dcd4bc0d9;Volume occupied, final repository for low-active radioactive waste;None;2.4176987298697442e-09;cubic meter;cutoff39
dcd096a8ef65d968a3eeea7dcd4bc0d9;Volume occupied, final repository for radioactive waste;None;4.5495953105294785e-10;cubic meter;cutoff39
dd24dc79cfa21e86f1164a39573dec9c;market for low level radioactive waste;GLO;-1.8032e-09;cubic meter;cutoff39
dd24dc79cfa21e86f1164a39573dec9c;market for low level radioactive waste for final repository;GLO;-2.84e-08;cubic meter;cutoff39
df029da18ee8b97ce7790f48a26d3789;market for low level radioactive waste;GLO;-1.8032e-09;cubic meter;cutoff39
df029da18ee8b97ce7790f48a26d3789;market for low level radioactive waste for final repository;GLO;-2.84e-08;cubic meter;cutoff39
dfd82f002923ab9083d982e4ccd9e764;market for low level radioactive waste;GLO;-1.8032e-09;cubic meter;cutoff39
dfd82f002923ab9083d982e4ccd9e764;market for low level radioactive waste for final repository;GLO;-3.51e-08;cubic meter;cutoff39
e01029c7523738e38731a8f6fa7d3959;market for low level radioactive waste;GLO;-1.8032e-09;cubic meter;cutoff39
e01029c7523738e38731a8f6fa7d3959;market for low level radioactive waste for final repository;GLO;-2.84e-08;cubic meter;cutoff39
e1105fc142bfdf149eb35eb1d18ce676;market for low level radioactive waste;GLO;-0.00054;cubic meter;cutoff39
e113c346fbb71d347c7eb0e183950b1c;Volume occupied, final repository for low-active radioactive waste;None;1.5971812864390825e-08;cubic meter;cutoff39
e113c346fbb71d347c7eb0e183950b1c;Volume occupied, final repository for radioactive waste;None;3.4470823339932904e-09;cubic meter;cutoff39
e16670d69929f6a63e99c65643d3a24f;Volume occupied, final repository for low-active radioactive waste;None;2.151574963899729e-07;cubic meter;cutoff39
e16670d69929f6a63e99c65643d3a24f;Volume occupied, final repository for radioactive waste;None;2.9475546470371345e-08;cubic meter;cutoff39
e1ec9e453aeb2fd1cbecbb507eb29e45;Volume occupied, final repository for low-active radioactive waste;None;1.715354718857418e-11;cubic meter;cutoff39
e1ec9e453aeb2fd1cbecbb507eb29e45;Volume occupied, final repository for radioactive waste;None;3.430661505173021e-12;cubic meter;cutoff39
e210b8cd27bdabf35114d0ad8df882c1;Volume occupied, final repository for low-active radioactive waste;None;1.3194946850416934e-08;cubic meter;cutoff39
e210b8cd27bdabf35114d0ad8df882c1;Volume occupied, final repository for radioactive waste;None;2.0826359749221992e-09;cubic meter;cutoff39
e2923f05430b7249a9fc14f7861aeab1;market for low level radioactive waste;GLO;-0.000333;cubic meter;cutoff39
e30f5d91941b9c620a85e06cc2037bd7;market for low level radioactive waste;GLO;-4.7029994201209924e-05;cubic meter;cutoff39
e629d213411450f962a6b83a1d09e078;market for low level radioactive waste;GLO;-1.8032e-09;cubic meter;cutoff39
e629d213411450f962a6b83a1d09e078;market for low level radioactive waste for final repository;GLO;-2.84e-08;cubic meter;cutoff39
e65e5b243a093c3ff29fc266edab5561;market for low level radioactive waste;GLO;-1.6568e-08;cubic meter;cutoff39
e65e5b243a093c3ff29fc266edab5561;market for low level radioactive waste for final repository;GLO;-4.05e-08;cubic meter;cutoff39
e7faa6fed127763f6fa20f112d7950e4;market for low level radioactive waste;GLO;-1.6878911649750387e-05;cubic meter;cutoff39
e974786d40570e36d7dac3e4ccc75822;market for low level radioactive waste;GLO;-1.6568e-08;cubic meter;cutoff39
e974786d40570e36d7dac3e4ccc75822;market for low level radioactive waste for final repository;GLO;-4.05e-08;cubic meter;cutoff39
e998979996ba1a85321d533d80e7e0b6;market for low level radioactive waste;GLO;-1.8032e-09;cubic meter;cutoff39
e998979996ba1a85321d533d80e7e0b6;market for low level radioactive waste for final repository;GLO;-2.84e-08;cubic meter;cutoff39
ea0a5baf2ab5527400406e24da95cc69;market for low level radioactive waste;GLO;-1.8032e-09;cubic meter;cutoff39
ea0a5baf2ab5527400406e24da95cc69;market for low level radioactive waste for final repository;GLO;-2.84e-08;cubic meter;cutoff39
eabc81b9529c5c472029abdff8ad2590;market for low level radioactive waste;GLO;-1.91045606229143e-09;cubic meter;cutoff39
eabc81b9529c5c472029abdff8ad2590;market for low level radioactive waste for final repository;GLO;-8.95439377085651e-09;cubic meter;cutoff39
eb89a6a6ca9667d60fc5f36cdd793e03;Volume occupied, final repository for low-active radioactive waste;None;8.427682835056369e-09;cubic meter;cutoff39
eb89a6a6ca9667d60fc5f36cdd793e03;Volume occupied, final repository for radioactive waste;None;1.4803595629437132e-09;cubic meter;cutoff39
ebbb460e0125692039df906fa1cea9e4;market for low level radioactive waste;GLO;-0.00063;cubic meter;cutoff39
ee3759d28ec02581529af09966bdfa0b;Volume occupied, final repository for low-active radioactive waste;None;2.8844433162503353e-08;cubic meter;cutoff39
ee3759d28ec02581529af09966bdfa0b;Volume occupied, final repository for radioactive waste;None;4.524434370987082e-09;cubic meter;cutoff39
ee44041516e8df64cc39d6b6c5aa7c96;market for low level radioactive waste;GLO;-0.00021112544575534805;cubic meter;cutoff39
f1361026456430b8d6b21db27ca343b2;market for low level radioactive waste;GLO;-1.5275187519508292e-05;cubic meter;cutoff39
f1d45a3115f25de0cc5b949d0d4c92e0;market for low level radioactive waste;GLO;-1.6568e-08;cubic meter;cutoff39
f1d45a3115f25de0cc5b949d0d4c92e0;market for low level radioactive waste for final repository;GLO;-4.05e-08;cubic meter;cutoff39
f56d2d371d924da1f36611652c4fb6a7;market for low level radioactive waste;GLO;-1.91045606229143e-09;cubic meter;cutoff39
f56d2d371d924da1f36611652c4fb6a7;market for low level radioactive waste for final repository;GLO;-8.95439377085651e-09;cubic meter;cutoff39
f63685d1e546c4ddb61848eb1c3f8518;market for low level radioactive waste;GLO;-1.8032e-09;cubic meter;cutoff39
f63685d1e546c4ddb61848eb1c3f8518;market for low level radioactive waste for final repository;GLO;-2.84e-08;cubic meter;cutoff39
f675de64552e5d0916c54153bc672afb;market for low level radioactive waste;GLO;-1.8032e-09;cubic meter;cutoff39
f675de64552e5d0916c54153bc672afb;market for low level radioactive waste for final repository;GLO;-2.84e-08;cubic meter;cutoff39
f690ce3a2ed66f6dabbff8168a1857f0;market for low level radioactive waste;GLO;-1.6568e-08;cubic meter;cutoff39
f690ce3a2ed66f6dabbff8168a1857f0;market for low level radioactive waste for final repository;GLO;-4.05e-08;cubic meter;cutoff39
f7d2804f65ff7dbf3e516818fdae6e75;market for low level radioactive waste;GLO;-2.0296827621510102e-05;cubic meter;cutoff39
f7e15b75cae4036eb85548302561c458;market for low level radioactive waste for final repository;GLO;-5.390786131821943e-07;cubic meter;cutoff39
f980cbe2fd43dfe8e725802b517f600c;market for low level radioactive waste;GLO;-0.000333;cubic meter;cutoff39
fa097879009c701d992fad12df8a619f;market for low level radioactive waste;GLO;-1.8032e-09;cubic meter;cutoff39
fa097879009c701d992fad12df8a619f;market for low level radioactive waste for final repository;GLO;-2.84e-08;cubic meter;cutoff39
fb354b1a45cf9db6eeaaf470420f73a3;Volume occupied, final repository for low-active radioactive waste;None;4.184836819965527e-09;cubic meter;cutoff39
fb354b1a45cf9db6eeaaf470420f73a3;Volume occupied, final repository for radioactive waste;None;7.381981656699761e-10;cubic meter;cutoff39
fb4dbd34481920a369a30decc1ce413b;Volume occupied, final repository for low-active radioactive waste;None;7.749005616271187e-09;cubic meter;cutoff39
fb4dbd34481920a369a30decc1ce413b;Volume occupied, final repository for radioactive waste;None;1.5098920466560906e-09;cubic meter;cutoff39
fe8c3e342b450a3b401a8041eb451580;market for low level radioactive waste;GLO;-0.000333;cubic meter;cutoff39
ff599e2c9b0c5d485363aa920746d4a8;market for low level radioactive waste;GLO;-0.00063;cubic meter;cutoff39
ffcdc578e55f6cd6b53a8314d5cbc511;market for low level radioactive waste;GLO;-1.8032e-09;cubic meter;cutoff39
ffcdc578e55f6cd6b53a8314d5cbc511;market for low level radioactive waste for final repository;GLO;-2.84e-08;cubic meter;cutoff39
