0058af82cdce10e512dc11f68a00a8eb;market for low level radioactive waste;GLO;-1.8032e-09;cubic meter;cutoff38
0058af82cdce10e512dc11f68a00a8eb;market for low level radioactive waste for final repository;GLO;-2.98e-08;cubic meter;cutoff38
0172fa29a2d8ddea6820422b3de41f43;market for low level radioactive waste;GLO;-1.91045606229143e-09;cubic meter;cutoff38
0172fa29a2d8ddea6820422b3de41f43;market for low level radioactive waste for final repository;GLO;-8.95439377085651e-09;cubic meter;cutoff38
022f6dc5ca3c4f1f4cd319ba3ace2bdd;Volume occupied, final repository for low-active radioactive waste;None;6.8980079e-08;cubic meter;cutoff38
022f6dc5ca3c4f1f4cd319ba3ace2bdd;Volume occupied, final repository for radioactive waste;None;3.6218126e-09;cubic meter;cutoff38
029a3ebb0984bef6218769a514119708;market for low level radioactive waste;GLO;-4.70299942012099e-05;cubic meter;cutoff38
037c6b046b89f8680b0e654ba647f555;market for low level radioactive waste for final repository;GLO;-4.05e-08;cubic meter;cutoff38
037c6b046b89f8680b0e654ba647f555;market for low level radioactive waste;GLO;-1.6568e-08;cubic meter;cutoff38
04398dba3bfafcd8e60eca1d9c6eece3;market for low level radioactive waste for final repository;GLO;-8.95439377085651e-09;cubic meter;cutoff38
04398dba3bfafcd8e60eca1d9c6eece3;market for low level radioactive waste;GLO;-1.91045606229143e-09;cubic meter;cutoff38
04ac2f998ebf9e6b31c469348a60cf2b;market for low level radioactive waste for final repository;GLO;-2.84e-08;cubic meter;cutoff38
04ac2f998ebf9e6b31c469348a60cf2b;market for low level radioactive waste;GLO;-1.8032e-09;cubic meter;cutoff38
04be2d9a97459dda4e8cdd2aad8ef57d;market for low level radioactive waste for final repository;GLO;-2.84e-08;cubic meter;cutoff38
04be2d9a97459dda4e8cdd2aad8ef57d;market for low level radioactive waste;GLO;-1.8032e-09;cubic meter;cutoff38
0534c85bd64a14c4611ed06cf8a34b64;market for low level radioactive waste;GLO;-0.000333;cubic meter;cutoff38
05a73e8fef5bea7765cd46438524eaea;Volume occupied, final repository for low-active radioactive waste;None;6.1661386e-09;cubic meter;cutoff38
05a73e8fef5bea7765cd46438524eaea;Volume occupied, final repository for radioactive waste;None;3.9959146e-10;cubic meter;cutoff38
06e91378e04c19604f2e22294e5e6aca;market for low level radioactive waste;GLO;-1.99425384485381e-09;cubic meter;cutoff38
07ce369a499998148b7ddd0b760e6475;market for low level radioactive waste;GLO;-1.88212794613e-09;cubic meter;cutoff38
07ce369a499998148b7ddd0b760e6475;market for low level radioactive waste for final repository;GLO;-2.96430976431e-08;cubic meter;cutoff38
08093eabc1f20f1d7d65aa7779328a67;market for low level radioactive waste;GLO;-1.91045606229143e-09;cubic meter;cutoff38
08093eabc1f20f1d7d65aa7779328a67;market for low level radioactive waste for final repository;GLO;-8.95439377085651e-09;cubic meter;cutoff38
084e05e0a5756fd45a6f09d1ea8b25d1;market for low level radioactive waste;GLO;-6.38270136512892e-07;cubic meter;cutoff38
0907c0defbccfbafbcfaf4b5bde45d1b;market for low level radioactive waste;GLO;-1.99561376026067e-07;cubic meter;cutoff38
09124ef8be75a75a040b48f45c4818e5;market for low level radioactive waste for final repository;GLO;-2.84e-08;cubic meter;cutoff38
09124ef8be75a75a040b48f45c4818e5;market for low level radioactive waste;GLO;-1.8032e-09;cubic meter;cutoff38
09e1d93c3fc012ffc026816964471199;market for high level radioactive waste for final repository;RoW;-0.00235;cubic meter;cutoff38
0b1c91251c5d1860fb6866b565b4b79f;Volume occupied, final repository for low-active radioactive waste;None;5.9220283e-09;cubic meter;cutoff38
0b1c91251c5d1860fb6866b565b4b79f;Volume occupied, final repository for radioactive waste;None;5.010438e-10;cubic meter;cutoff38
0c0885dedbb5b32913d6f25fe785bca2;market for low level radioactive waste;GLO;-1.83120491878137e-05;cubic meter;cutoff38
0c58e2f8038b82596a7f577b1e211c2b;market for low level radioactive waste;GLO;-1.8032e-09;cubic meter;cutoff38
0c58e2f8038b82596a7f577b1e211c2b;market for low level radioactive waste for final repository;GLO;-2.84e-08;cubic meter;cutoff38
0e836821f1f09f51786cce0204a77da3;market for low level radioactive waste;GLO;-6.79825815132321e-05;cubic meter;cutoff38
0fa5e17742cc83b1c334176786bf594a;market for low level radioactive waste;GLO;-0.00063;cubic meter;cutoff38
11bbe2145c57479b87ca066e731a435c;market for low level radioactive waste;GLO;-0.00054;cubic meter;cutoff38
139bc2e3a9e159e38999aa70a5a9bad8;market for low level radioactive waste;GLO;-0.000333;cubic meter;cutoff38
14915e26439a85fcd38182d7027b040f;market for low level radioactive waste;GLO;-1.52751875195083e-05;cubic meter;cutoff38
165882de137eed602240b71a8565bdd4;market for low level radioactive waste;GLO;-0.00344846922757284;cubic meter;cutoff38
17051727a2a798c90ac9dbf170254901;market for low level radioactive waste;GLO;-0.00054;cubic meter;cutoff38
1730d992c11d6316890a4d0a0f275720;market for low level radioactive waste;GLO;-1.8032e-09;cubic meter;cutoff38
1730d992c11d6316890a4d0a0f275720;market for low level radioactive waste for final repository;GLO;-2.84e-08;cubic meter;cutoff38
195c377183abe6e5ac097fa60229fbe7;Volume occupied, final repository for low-active radioactive waste;None;2.8825189e-10;cubic meter;cutoff38
195c377183abe6e5ac097fa60229fbe7;Volume occupied, final repository for radioactive waste;None;4.1591256e-12;cubic meter;cutoff38
1b52eda53866bba33f3aaa3bd999fb26;market for low level radioactive waste for final repository;GLO;-4.05e-08;cubic meter;cutoff38
1b52eda53866bba33f3aaa3bd999fb26;market for low level radioactive waste;GLO;-1.6568e-08;cubic meter;cutoff38
1b72483f181141f12f5db952a3b430c6;market for low level radioactive waste;GLO;-0.00435;cubic meter;cutoff38
1b85d621a4fd09b17d14bd84a65078ea;market for low level radioactive waste;GLO;-1.8032e-09;cubic meter;cutoff38
1b85d621a4fd09b17d14bd84a65078ea;market for low level radioactive waste for final repository;GLO;-2.84e-08;cubic meter;cutoff38
1d1a5b2f3d8a4fcb9c1fbf41d0692ee5;market for low level radioactive waste for final repository;GLO;-3.16394821511442e-05;cubic meter;cutoff38
1d489607e0eac32bda8c939558d340fd;market for low level radioactive waste;GLO;-1.6568e-08;cubic meter;cutoff38
1d489607e0eac32bda8c939558d340fd;market for low level radioactive waste for final repository;GLO;-4.05e-08;cubic meter;cutoff38
1f9263d3f303172380fceff044ae2ccb;market for low level radioactive waste;GLO;-1.6568e-08;cubic meter;cutoff38
1f9263d3f303172380fceff044ae2ccb;market for low level radioactive waste for final repository;GLO;-4.05e-08;cubic meter;cutoff38
20a23651a40c2ab4161e649b14852b15;Volume occupied, final repository for low-active radioactive waste;None;2.1412012e-08;cubic meter;cutoff38
20a23651a40c2ab4161e649b14852b15;Volume occupied, final repository for radioactive waste;None;1.6593688e-09;cubic meter;cutoff38
212fdeec0e29b111571fb36ddbc0d313;Volume occupied, final repository for low-active radioactive waste;None;1.9905354e-08;cubic meter;cutoff38
212fdeec0e29b111571fb36ddbc0d313;Volume occupied, final repository for radioactive waste;None;1.1976777e-09;cubic meter;cutoff38
21825c095ce0e4825a862e7561e8b81c;market for low level radioactive waste;GLO;-0.00063;cubic meter;cutoff38
21dd4be1d4403125e5a559e2b79ca30d;market for low level radioactive waste;GLO;-1.8032e-09;cubic meter;cutoff38
21dd4be1d4403125e5a559e2b79ca30d;market for low level radioactive waste for final repository;GLO;-2.84e-08;cubic meter;cutoff38
231e5915e526e1a3d48a63fc7fd4583e;market for low level radioactive waste;GLO;-1.8032e-09;cubic meter;cutoff38
231e5915e526e1a3d48a63fc7fd4583e;market for low level radioactive waste for final repository;GLO;-2.84e-08;cubic meter;cutoff38
2558088b18f9cf8789cad106dbddf16c;treatment of low level radioactive waste for final repository;CH;-0.00841688555967824;cubic meter;cutoff38
2558088b18f9cf8789cad106dbddf16c;treatment of low level radioactive waste for final repository;RoW;-0.991583114440322;cubic meter;cutoff38
262bb643d57bc1a69b4f60ef1aa8f7a1;market for low level radioactive waste;GLO;-1.99425384485381e-09;cubic meter;cutoff38
27a1083cf64a6ba2ca2e1303c5ca58b0;market for low level radioactive waste;GLO;-1.8032e-09;cubic meter;cutoff38
27a1083cf64a6ba2ca2e1303c5ca58b0;market for low level radioactive waste for final repository;GLO;-2.84e-08;cubic meter;cutoff38
291f19fef80388c71908b460f7408521;Volume occupied, final repository for low-active radioactive waste;None;5.1901921e-08;cubic meter;cutoff38
291f19fef80388c71908b460f7408521;Volume occupied, final repository for radioactive waste;None;3.7353345e-09;cubic meter;cutoff38
29d54df755d291bed2d897d7453783db;Volume occupied, final repository for low-active radioactive waste;None;7.1051537e-10;cubic meter;cutoff38
29d54df755d291bed2d897d7453783db;Volume occupied, final repository for radioactive waste;None;5.9663551e-11;cubic meter;cutoff38
2a11034cceef3f475b2d781223e97c24;market for low level radioactive waste;GLO;-1.8032e-09;cubic meter;cutoff38
2a11034cceef3f475b2d781223e97c24;market for low level radioactive waste for final repository;GLO;-2.84e-08;cubic meter;cutoff38
2b9ec37a975d3e8ab31103b99c0d0da8;Volume occupied, final repository for low-active radioactive waste;None;6.0080931e-08;cubic meter;cutoff38
2b9ec37a975d3e8ab31103b99c0d0da8;Volume occupied, final repository for radioactive waste;None;1.6881937e-09;cubic meter;cutoff38
2f0566b4888b29473b5b43f91660d8e2;market for low level radioactive waste;GLO;-1.58520987654e-08;cubic meter;cutoff38
2f0566b4888b29473b5b43f91660d8e2;market for low level radioactive waste for final repository;GLO;-3.875e-08;cubic meter;cutoff38
2ffbfa3c748e2b62e2cc1f87d771d5f3;Volume occupied, final repository for low-active radioactive waste;None;6.7756495e-11;cubic meter;cutoff38
2ffbfa3c748e2b62e2cc1f87d771d5f3;Volume occupied, final repository for radioactive waste;None;1.6107886e-12;cubic meter;cutoff38
303ef6a8589b4b8cb3aeacaf102ef0b4;market for low level radioactive waste for final repository;GLO;-2.84e-08;cubic meter;cutoff38
303ef6a8589b4b8cb3aeacaf102ef0b4;market for low level radioactive waste;GLO;-1.8032e-09;cubic meter;cutoff38
31c31a9b301c42437059924b4274b711;market for low level radioactive waste for final repository;GLO;-8.95439377085651e-09;cubic meter;cutoff38
31c31a9b301c42437059924b4274b711;market for low level radioactive waste;GLO;-1.91045606229143e-09;cubic meter;cutoff38
33327612c086ad071c467654c53056e4;market for low level radioactive waste for final repository;GLO;-2.84e-08;cubic meter;cutoff38
33327612c086ad071c467654c53056e4;market for low level radioactive waste;GLO;-1.8032e-09;cubic meter;cutoff38
336c4ec279edc8f3f94fdf6ced986e17;market for low level radioactive waste;GLO;-1.6751732296772e-09;cubic meter;cutoff38
337eda0ae3c30cd3ea59b27d9cb0570d;market for low level radioactive waste;GLO;-8.02215276666634e-07;cubic meter;cutoff38
339cc856667ecd5df844bfcf2d4aa792;Volume occupied, final repository for low-active radioactive waste;None;1.3629257e-08;cubic meter;cutoff38
339cc856667ecd5df844bfcf2d4aa792;Volume occupied, final repository for radioactive waste;None;8.8265577e-10;cubic meter;cutoff38
36efd232327dedf147ceac67f132b4ab;market for low level radioactive waste;GLO;-0.000921383404190586;cubic meter;cutoff38
37011039752a1bcb6ab7083d28d176ca;market for low level radioactive waste;GLO;-0.000921359497044789;cubic meter;cutoff38
38b71f92e7801903c9b9249e3565d8ae;Volume occupied, final repository for low-active radioactive waste;None;8.3188981e-10;cubic meter;cutoff38
38b71f92e7801903c9b9249e3565d8ae;Volume occupied, final repository for radioactive waste;None;2.337499e-11;cubic meter;cutoff38
38fa0b35d289d29abc75dffbed1ce997;market for low level radioactive waste;GLO;-0.00063;cubic meter;cutoff38
3abe8f6bf1281e0567e03d23d0ac3288;market for low level radioactive waste for final repository;GLO;-2.84e-08;cubic meter;cutoff38
3abe8f6bf1281e0567e03d23d0ac3288;market for low level radioactive waste;GLO;-1.8032e-09;cubic meter;cutoff38
3c74ec64da14cc108cca4ea975a04d32;Volume occupied, final repository for low-active radioactive waste;None;8.1821278e-11;cubic meter;cutoff38
3c74ec64da14cc108cca4ea975a04d32;Volume occupied, final repository for radioactive waste;None;8.866771e-13;cubic meter;cutoff38
3cd4d9dadb53bd9e23c8f5e70c5b7eb3;market for low level radioactive waste;GLO;-1.91045606229143e-09;cubic meter;cutoff38
3cd4d9dadb53bd9e23c8f5e70c5b7eb3;market for low level radioactive waste for final repository;GLO;-8.95439377085651e-09;cubic meter;cutoff38
3d7006cebf6dcab1b80f531c016b3bda;Volume occupied, final repository for low-active radioactive waste;None;1.762011e-08;cubic meter;cutoff38
3d7006cebf6dcab1b80f531c016b3bda;Volume occupied, final repository for radioactive waste;None;6.8525675e-10;cubic meter;cutoff38
3f6758369432dadc059f8eb4d11ad771;market for low level radioactive waste;GLO;-1.8032e-09;cubic meter;cutoff38
3f6758369432dadc059f8eb4d11ad771;market for low level radioactive waste for final repository;GLO;-2.84e-08;cubic meter;cutoff38
3fec2478a904aee6e00fd28597736b11;market for low level radioactive waste for final repository;GLO;-2.98440677966e-08;cubic meter;cutoff38
3fec2478a904aee6e00fd28597736b11;market for low level radioactive waste;GLO;-1.89488813559e-09;cubic meter;cutoff38
4197644807bc31863444c8908a984e36;market for low level radioactive waste;GLO;-1.91045606229143e-09;cubic meter;cutoff38
4197644807bc31863444c8908a984e36;market for low level radioactive waste for final repository;GLO;-8.95439377085651e-09;cubic meter;cutoff38
4211fed81206b4a8f97719b272251c43;Volume occupied, final repository for low-active radioactive waste;None;2.099369e-08;cubic meter;cutoff38
4211fed81206b4a8f97719b272251c43;Volume occupied, final repository for radioactive waste;None;1.770244e-09;cubic meter;cutoff38
4598f9769722f849f181f960d6fac78b;market for low level radioactive waste;GLO;-0.00054;cubic meter;cutoff38
478b2e3fc6fe741a9068f495b9992a3e;market for low level radioactive waste;GLO;-0.00063;cubic meter;cutoff38
486ffdfb775a1c844ca101a7dda50ca6;market for low level radioactive waste;GLO;-0.00063;cubic meter;cutoff38
48ccf9c10a8ef6655b3a10aa3223e7e3;Volume occupied, final repository for low-active radioactive waste;None;3.2216383e-07;cubic meter;cutoff38
48ccf9c10a8ef6655b3a10aa3223e7e3;Volume occupied, final repository for radioactive waste;None;2.8835907e-08;cubic meter;cutoff38
494b631ba039241468abb5b8f3e48759;market for low level radioactive waste;GLO;-1.6751732296772e-09;cubic meter;cutoff38
4a7f96bd20530e75954ce82568512581;market for low level radioactive waste;GLO;-2.02968276215101e-05;cubic meter;cutoff38
4df8366843d16dc972b4f979b3c27d99;market for low level radioactive waste;GLO;-0.00063;cubic meter;cutoff38
4f07e75c56929495c4327181ffafe028;market for low level radioactive waste;GLO;-1.99561376026067e-07;cubic meter;cutoff38
4ffcdc48300d35f101c9c11e5d34a345;Volume occupied, final repository for low-active radioactive waste;None;2.3491077e-10;cubic meter;cutoff38
4ffcdc48300d35f101c9c11e5d34a345;Volume occupied, final repository for radioactive waste;None;1.5213254e-11;cubic meter;cutoff38
513b371e98ef8b2ca949ec1711277fd2;market for low level radioactive waste;GLO;-0.00063;cubic meter;cutoff38
523e564d8b05d0a2a1e13f48c44f9212;market for low level radioactive waste;GLO;-1.81287980193446e-09;cubic meter;cutoff38
53de20d139bba7479707ffe9a06ceef3;market for low level radioactive waste for final repository;GLO;-4.96375494042505e-06;cubic meter;cutoff38
55907b8efc3bd9d3cdfa7f335e1419d5;market for low level radioactive waste for final repository;GLO;-2.84e-08;cubic meter;cutoff38
55907b8efc3bd9d3cdfa7f335e1419d5;market for low level radioactive waste;GLO;-1.8032e-09;cubic meter;cutoff38
56a39d99d5b9615c60284002899a027b;market for low level radioactive waste;GLO;-0.000115570388544642;cubic meter;cutoff38
576a98ad3e75aa620ff219039f2be42d;market for low level radioactive waste;GLO;-0.00063;cubic meter;cutoff38
57aaf445821022498da16295114b00da;market for low level radioactive waste;GLO;-2.090518623616e-06;cubic meter;cutoff38
57d182a1fd215a430ef12804df9e051a;market for low level radioactive waste;GLO;-1.8032e-09;cubic meter;cutoff38
57d182a1fd215a430ef12804df9e051a;market for low level radioactive waste for final repository;GLO;-2.84e-08;cubic meter;cutoff38
58e634157dd9263657c8d8dc291f69df;market for low level radioactive waste;GLO;-0.00063;cubic meter;cutoff38
5a1c425ca435a98397f73beca1b3a126;Volume occupied, final repository for low-active radioactive waste;None;6.7083043e-08;cubic meter;cutoff38
5a1c425ca435a98397f73beca1b3a126;Volume occupied, final repository for radioactive waste;None;4.2134344e-09;cubic meter;cutoff38
5a23d8facd58fea883aa9580d80bad51;market for low level radioactive waste;GLO;-0.000333;cubic meter;cutoff38
5a8aa4fa1fa616abb59ab5cc04170f40;Volume occupied, final repository for low-active radioactive waste;None;5.7886137e-10;cubic meter;cutoff38
5a8aa4fa1fa616abb59ab5cc04170f40;Volume occupied, final repository for radioactive waste;None;1.1582612e-11;cubic meter;cutoff38
5aa0c0f1c96b7cc410f2153a8ebfacdb;market for low level radioactive waste;GLO;-1.91045606229143e-09;cubic meter;cutoff38
5aa0c0f1c96b7cc410f2153a8ebfacdb;market for low level radioactive waste for final repository;GLO;-8.95439377085651e-09;cubic meter;cutoff38
5bf32c2273cf03c712b64072cd8c552c;market for low level radioactive waste;GLO;-0.00063;cubic meter;cutoff38
5c76aebfcece79295eaa575184c4b15f;market for low level radioactive waste for final repository;GLO;-4.05e-08;cubic meter;cutoff38
5c76aebfcece79295eaa575184c4b15f;market for low level radioactive waste;GLO;-1.6568e-08;cubic meter;cutoff38
5ebccdfd922a2fb684f20f444f522d55;market for low level radioactive waste;GLO;-0.00063;cubic meter;cutoff38
5f2ef729d266d10599cede99ebdd6bd1;market for low level radioactive waste;GLO;-1.91045606229143e-09;cubic meter;cutoff38
5f2ef729d266d10599cede99ebdd6bd1;market for low level radioactive waste for final repository;GLO;-8.95439377085651e-09;cubic meter;cutoff38
602149b19acd9d7fd3a3cb4b9178eead;market for low level radioactive waste for final repository;GLO;-5.12848132119137e-07;cubic meter;cutoff38
60f6a5eb0ca84cfee33d612210c903ff;Volume occupied, final repository for low-active radioactive waste;None;1.9437971e-07;cubic meter;cutoff38
60f6a5eb0ca84cfee33d612210c903ff;Volume occupied, final repository for radioactive waste;None;1.4233142e-08;cubic meter;cutoff38
6157391827485803302f2e2252abb56f;Volume occupied, final repository for low-active radioactive waste;None;3.0454109e-08;cubic meter;cutoff38
6157391827485803302f2e2252abb56f;Volume occupied, final repository for radioactive waste;None;1.9358376e-09;cubic meter;cutoff38
636586923fb81722146dc0c8046a05a6;market for low level radioactive waste;GLO;-1.8032e-09;cubic meter;cutoff38
636586923fb81722146dc0c8046a05a6;market for low level radioactive waste for final repository;GLO;-2.84e-08;cubic meter;cutoff38
642232694c41209f5682056cc68e2e50;market for low level radioactive waste;GLO;-1.99425384485381e-09;cubic meter;cutoff38
651b6c52c485e32cc94da3a0c4e88180;market for low level radioactive waste;GLO;-0.00061;cubic meter;cutoff38
656dd0dd4ce3dd2fbba8cc198e5231f8;market for low level radioactive waste;GLO;-2.05490239847314e-09;cubic meter;cutoff38
66e150c9d970bcbf70dc0f9d1b12b2e5;market for low level radioactive waste;GLO;-4.70299942012099e-05;cubic meter;cutoff38
67821ead6fdd89ff8f368f7310ed385f;Volume occupied, final repository for low-active radioactive waste;None;6.2830686e-09;cubic meter;cutoff38
67821ead6fdd89ff8f368f7310ed385f;Volume occupied, final repository for radioactive waste;None;5.2359577e-10;cubic meter;cutoff38
67a6ff80e9230d38bf3dfed0afafbf09;market for low level radioactive waste;GLO;-2.02968276215101e-05;cubic meter;cutoff38
684722e2b89586246c0f690955e63352;market for low level radioactive waste;GLO;-0.000333;cubic meter;cutoff38
685fd980a15c01dbf5b19df030b73665;market for low level radioactive waste;GLO;-0.00063;cubic meter;cutoff38
6921866c00d0141f9a2c3062120cea94;market for low level radioactive waste for final repository;GLO;-8.95439377085651e-09;cubic meter;cutoff38
6921866c00d0141f9a2c3062120cea94;market for low level radioactive waste;GLO;-1.91045606229143e-09;cubic meter;cutoff38
6a9bfff591d82bd374a04c436b32c6d3;market for low level radioactive waste;GLO;-1.6568e-08;cubic meter;cutoff38
6a9bfff591d82bd374a04c436b32c6d3;market for low level radioactive waste for final repository;GLO;-4.05e-08;cubic meter;cutoff38
6cac3826da42b8a6fa062b0a0ef4c429;market for low level radioactive waste;GLO;-6.79843455038276e-05;cubic meter;cutoff38
6cb8b16005759828b82767e5e578a836;market for low level radioactive waste;GLO;-0.00063;cubic meter;cutoff38
6d59de26d8c06cd5456543adc50e8bd3;market for low level radioactive waste;GLO;-1.91045606229143e-09;cubic meter;cutoff38
6d59de26d8c06cd5456543adc50e8bd3;market for low level radioactive waste for final repository;GLO;-8.95439377085651e-09;cubic meter;cutoff38
6db43cb575a5a5726e2dd5c612fe75a7;market for low level radioactive waste;GLO;-1.91045606229143e-09;cubic meter;cutoff38
6db43cb575a5a5726e2dd5c612fe75a7;market for low level radioactive waste for final repository;GLO;-8.95439377085651e-09;cubic meter;cutoff38
6f43ee25a80e6d71c6ba59df7b7600bb;market for low level radioactive waste;GLO;-0.00063;cubic meter;cutoff38
70e6d557100000dc165bf2d6f1902c18;market for low level radioactive waste;GLO;-0.00063;cubic meter;cutoff38
714dccf31785680728737410bec20437;market for low level radioactive waste;GLO;-0.000333;cubic meter;cutoff38
71af1e02dc62929ed01777a5bd8b586a;market for low level radioactive waste;GLO;-0.000333;cubic meter;cutoff38
7264f162cfbc79e5eb6aafb03b8d1b2f;Volume occupied, final repository for low-active radioactive waste;None;6.7522908e-10;cubic meter;cutoff38
7264f162cfbc79e5eb6aafb03b8d1b2f;Volume occupied, final repository for radioactive waste;None;3.8252943e-11;cubic meter;cutoff38
72ca26765a23b0310c6a3f2cefca83f9;market for low level radioactive waste for final repository;GLO;-2.67598784195e-08;cubic meter;cutoff38
72ca26765a23b0310c6a3f2cefca83f9;market for low level radioactive waste;GLO;-1.69906382979e-09;cubic meter;cutoff38
737756d0ec566d47b0aa3e7cfef81cdd;Volume occupied, final repository for low-active radioactive waste;None;4.1822505e-08;cubic meter;cutoff38
737756d0ec566d47b0aa3e7cfef81cdd;Volume occupied, final repository for radioactive waste;None;2.7102725e-09;cubic meter;cutoff38
737ed3b7c1d65663a16fe479586c7587;market for low level radioactive waste;GLO;-0.00063;cubic meter;cutoff38
797a3c331054cd82fb68932be7489fae;market for low level radioactive waste;GLO;-3.84712204126023e-05;cubic meter;cutoff38
79ed36910aba00422ae7d16bbb883878;market for low level radioactive waste;GLO;-1.6751732296772e-09;cubic meter;cutoff38
7a8c8388ff96ad8eb4f03aad8d5c1b15;market for high level radioactive waste for final repository;CH;-0.0024;cubic meter;cutoff38
7c3f71bf0bdb2ecf834cd89c3c33ebcb;market for low level radioactive waste;GLO;-2.0904643809052e-06;cubic meter;cutoff38
7cfcac6316e3303486711e4841161f3d;market for low level radioactive waste;GLO;-1.8032e-09;cubic meter;cutoff38
7cfcac6316e3303486711e4841161f3d;market for low level radioactive waste for final repository;GLO;-2.84e-08;cubic meter;cutoff38
7d073eea4c81c78d015a4d3dba4f4580;market for low level radioactive waste;GLO;-0.00063;cubic meter;cutoff38
7da3df73fd4c1d16997d4e78e59e05fe;market for low level radioactive waste;GLO;-1.6568e-08;cubic meter;cutoff38
7da3df73fd4c1d16997d4e78e59e05fe;market for low level radioactive waste for final repository;GLO;-4.05e-08;cubic meter;cutoff38
7f45a735d3adf669ae16e27cf85e0847;market for low level radioactive waste;GLO;-1.8032e-09;cubic meter;cutoff38
7f45a735d3adf669ae16e27cf85e0847;market for low level radioactive waste for final repository;GLO;-2.84e-08;cubic meter;cutoff38
7f6ef527fd7221de707c6b324f67ae60;market for low level radioactive waste for final repository;GLO;-2.84e-08;cubic meter;cutoff38
7f6ef527fd7221de707c6b324f67ae60;market for low level radioactive waste;GLO;-1.8032e-09;cubic meter;cutoff38
81b1b761ce2fe68a95e7baa1dc5a281e;market for low level radioactive waste;GLO;-2e-07;cubic meter;cutoff38
8602e14f1d502f0e83a15558ab33a2f7;market for low level radioactive waste;GLO;-0.00063;cubic meter;cutoff38
863ddbabf0105fc253b29ca302ae5d41;market for low level radioactive waste;GLO;-0.00063;cubic meter;cutoff38
867038e79482c142c73f32540045e89e;market for low level radioactive waste;GLO;-0.000333;cubic meter;cutoff38
88e52211edca9a0a4d74593dc03451eb;market for low level radioactive waste for final repository;GLO;-3.16394821511443e-05;cubic meter;cutoff38
8954fb73edf536e891f639fdc18efb04;Volume occupied, final repository for low-active radioactive waste;None;5.6130902e-06;cubic meter;cutoff38
8954fb73edf536e891f639fdc18efb04;Volume occupied, final repository for radioactive waste;None;2.3715465e-07;cubic meter;cutoff38
89613f80df3f19ef4485de752721d416;Volume occupied, final repository for low-active radioactive waste;None;5.0229154e-10;cubic meter;cutoff38
89613f80df3f19ef4485de752721d416;Volume occupied, final repository for radioactive waste;None;2.122003e-11;cubic meter;cutoff38
8b6c084ed29db57b20a3420b08cb22f6;market for low level radioactive waste;GLO;-1.52751875195083e-05;cubic meter;cutoff38
8bc5f77169f2645228b967c38fd7298a;market for low level radioactive waste;GLO;-0.000333;cubic meter;cutoff38
8e56c80912c948f89596dab502316ab8;market for low level radioactive waste;GLO;-0.000333;cubic meter;cutoff38
8e634ea8c62bc552dab3ccc74105c2cf;Volume occupied, final repository for low-active radioactive waste;None;5.7908084e-10;cubic meter;cutoff38
8e634ea8c62bc552dab3ccc74105c2cf;Volume occupied, final repository for radioactive waste;None;3.752685e-11;cubic meter;cutoff38
8ebf4195488380fc19148d5ad149ae6e;market for low level radioactive waste;GLO;-2e-07;cubic meter;cutoff38
8f3c012bb0f3b2511eaa5869731f1d4e;market for low level radioactive waste;GLO;-1.99561200210129e-07;cubic meter;cutoff38
8f8dd22882a7c8cd998d4423b9110178;Volume occupied, final repository for low-active radioactive waste;None;1.9688595e-08;cubic meter;cutoff38
8f8dd22882a7c8cd998d4423b9110178;Volume occupied, final repository for radioactive waste;None;9.3886128e-10;cubic meter;cutoff38
90220686b55483dab3086ebca66c1ccb;market for low level radioactive waste;GLO;-3.26086831173936e-05;cubic meter;cutoff38
9255ef692ddce45cd289b24c52270867;Volume occupied, final repository for low-active radioactive waste;None;7.3138551e-06;cubic meter;cutoff38
9255ef692ddce45cd289b24c52270867;Volume occupied, final repository for radioactive waste;None;3.2851496e-07;cubic meter;cutoff38
931c2d51671ed82c6dd58cf8dbf65fb9;market for low level radioactive waste;GLO;-1.6568e-08;cubic meter;cutoff38
931c2d51671ed82c6dd58cf8dbf65fb9;market for low level radioactive waste for final repository;GLO;-4.05e-08;cubic meter;cutoff38
9485cb5a0fa69062d9257678029cfee2;market for low level radioactive waste;GLO;-0.000333;cubic meter;cutoff38
94ebbfc49de686c214ea74652017195d;Volume occupied, final repository for low-active radioactive waste;None;3.2659378e-08;cubic meter;cutoff38
94ebbfc49de686c214ea74652017195d;Volume occupied, final repository for radioactive waste;None;9.176848e-10;cubic meter;cutoff38
94fd4596192368cc465c5afb3fe26cf6;market for low level radioactive waste;GLO;-1.6568e-08;cubic meter;cutoff38
94fd4596192368cc465c5afb3fe26cf6;market for low level radioactive waste for final repository;GLO;-4.05e-08;cubic meter;cutoff38
950b0167e6c894ac9451c41521392fc5;market for low level radioactive waste;GLO;-1.72611801471744e-09;cubic meter;cutoff38
963135d2b94456d980ad941dae52d0e7;market for low level radioactive waste for final repository;GLO;-2.84e-08;cubic meter;cutoff38
963135d2b94456d980ad941dae52d0e7;market for low level radioactive waste;GLO;-1.8032e-09;cubic meter;cutoff38
96eef0a7167ae957783bcfa0f9bcc20f;Volume occupied, final repository for low-active radioactive waste;None;2.8461352e-10;cubic meter;cutoff38
96eef0a7167ae957783bcfa0f9bcc20f;Volume occupied, final repository for radioactive waste;None;3.0842868e-12;cubic meter;cutoff38
96fc03f1eee7b7e45eb5495c7d159b7f;market for low level radioactive waste;GLO;-3.26086831173936e-05;cubic meter;cutoff38
9762e2c8a332d71ca36fdb290a8b9c06;Volume occupied, final repository for low-active radioactive waste;None;1.7710672e-08;cubic meter;cutoff38
9762e2c8a332d71ca36fdb290a8b9c06;Volume occupied, final repository for radioactive waste;None;1.2350944e-09;cubic meter;cutoff38
98b3c59be68a4d098aee573106b2ad49;Volume occupied, final repository for low-active radioactive waste;None;6.4599288e-11;cubic meter;cutoff38
98b3c59be68a4d098aee573106b2ad49;Volume occupied, final repository for radioactive waste;None;1.8687574e-12;cubic meter;cutoff38
9994f89c09f287eab617f6e6eab4defd;market for low level radioactive waste;GLO;-1.6568e-08;cubic meter;cutoff38
9994f89c09f287eab617f6e6eab4defd;market for low level radioactive waste for final repository;GLO;-4.05e-08;cubic meter;cutoff38
9b3cb37cdcdba2317a73a6f17875f718;market for low level radioactive waste for final repository;GLO;-8.95439377085651e-09;cubic meter;cutoff38
9b3cb37cdcdba2317a73a6f17875f718;market for low level radioactive waste;GLO;-1.91045606229143e-09;cubic meter;cutoff38
9b9d1b7a1b17856b1ca7306fdeda7ec3;market for low level radioactive waste;GLO;-0.00061;cubic meter;cutoff38
9ba1c920b0067892cbc1d1ff19ccbf53;market for low level radioactive waste;GLO;-0.00054;cubic meter;cutoff38
9d37c1b78c2078c5c1090ee5f97f8bf8;market for low level radioactive waste for final repository;GLO;-8.95439377085651e-09;cubic meter;cutoff38
9d37c1b78c2078c5c1090ee5f97f8bf8;market for low level radioactive waste;GLO;-1.91045606229143e-09;cubic meter;cutoff38
9dc0c20e4a8bce17e1578a07e8648b8c;market for low level radioactive waste for final repository;GLO;-3.51e-08;cubic meter;cutoff38
9dc0c20e4a8bce17e1578a07e8648b8c;market for low level radioactive waste;GLO;-1.8032e-09;cubic meter;cutoff38
9df75ff38d632c65e9922cc3518bcacc;market for low level radioactive waste for final repository;GLO;-8.95439377085651e-09;cubic meter;cutoff38
9df75ff38d632c65e9922cc3518bcacc;market for low level radioactive waste;GLO;-1.91045606229143e-09;cubic meter;cutoff38
9ec9e59c458165c0a10a30a80f294527;market for low level radioactive waste for final repository;GLO;-3.4989691913288e-05;cubic meter;cutoff38
9eec8c9734e406f163162acf61405b44;Volume occupied, final repository for low-active radioactive waste;None;5.1314999e-08;cubic meter;cutoff38
9eec8c9734e406f163162acf61405b44;Volume occupied, final repository for radioactive waste;None;4.3090342e-09;cubic meter;cutoff38
9f565fc7b771ea620471737f0af8763d;market for low level radioactive waste for final repository;GLO;-1.38370159843707e-06;cubic meter;cutoff38
9f7788b2f3164d39970c1c3da14d203d;market for low level radioactive waste;GLO;-0.000333;cubic meter;cutoff38
a0d560f967cc6d2c02e4f006cc78d29a;market for low level radioactive waste;GLO;-1.8032e-09;cubic meter;cutoff38
a0d560f967cc6d2c02e4f006cc78d29a;market for low level radioactive waste for final repository;GLO;-2.84e-08;cubic meter;cutoff38
a20b33cffafbe10f544445c6349a6910;Volume occupied, final repository for low-active radioactive waste;None;2.7894307e-08;cubic meter;cutoff38
a20b33cffafbe10f544445c6349a6910;Volume occupied, final repository for radioactive waste;None;2.3423468e-09;cubic meter;cutoff38
a3a999ffa94344d5b013fe72684f151f;Volume occupied, final repository for low-active radioactive waste;None;4.4099472e-08;cubic meter;cutoff38
a3a999ffa94344d5b013fe72684f151f;Volume occupied, final repository for radioactive waste;None;2.5085394e-09;cubic meter;cutoff38
a3d5573b65dc3dab901ac26c346a5708;market for low level radioactive waste;GLO;-1.7410440678e-08;cubic meter;cutoff38
a3d5573b65dc3dab901ac26c346a5708;market for low level radioactive waste for final repository;GLO;-4.25593220339e-08;cubic meter;cutoff38
a6f78d36e14748ab6bc1a3ca0f7312c5;Volume occupied, final repository for low-active radioactive waste;None;2.9164831e-08;cubic meter;cutoff38
a6f78d36e14748ab6bc1a3ca0f7312c5;Volume occupied, final repository for radioactive waste;None;2.3203558e-09;cubic meter;cutoff38
a70efbdcc0387ca8c39071c39357475e;market for low level radioactive waste;GLO;-5.96058187717006e-05;cubic meter;cutoff38
a8c5debed3e3320d463c78effb76b1ee;Volume occupied, final repository for low-active radioactive waste;None;8.2867245e-11;cubic meter;cutoff38
a8c5debed3e3320d463c78effb76b1ee;Volume occupied, final repository for radioactive waste;None;1.195674e-12;cubic meter;cutoff38
a9b025579b05b478594b5a8f36225644;market for low level radioactive waste;GLO;-0.000211127152471725;cubic meter;cutoff38
acc8812b738de0def6e00f55348f2cb8;Volume occupied, final repository for low-active radioactive waste;None;5.3251933e-08;cubic meter;cutoff38
acc8812b738de0def6e00f55348f2cb8;Volume occupied, final repository for radioactive waste;None;4.1351098e-09;cubic meter;cutoff38
acd7c82f77fe36167af711d92b6d4d1e;market for low level radioactive waste;GLO;-1.28308768235825e-07;cubic meter;cutoff38
ad99587225478d6503b2f317f123189f;market for low level radioactive waste for final repository;GLO;-2.84e-08;cubic meter;cutoff38
ad99587225478d6503b2f317f123189f;market for low level radioactive waste;GLO;-1.8032e-09;cubic meter;cutoff38
adcfecf80cc4132d7243ebeb815ec251;market for low level radioactive waste;GLO;-1.99425384485381e-09;cubic meter;cutoff38
ae4ffb0b10ff0fcc0bb3d44714dadaef;market for low level radioactive waste;GLO;-0.000333;cubic meter;cutoff38
ae5043eab8aa3004cebaf3518b65188b;market for low level radioactive waste for final repository;GLO;-0.00013402195169749;cubic meter;cutoff38
ae70e79a18dee1a89062e7eb29fe8c66;market for low level radioactive waste for final repository;GLO;-2.84e-08;cubic meter;cutoff38
ae70e79a18dee1a89062e7eb29fe8c66;market for low level radioactive waste;GLO;-1.8032e-09;cubic meter;cutoff38
ae7c41382886653da473334999b91209;Volume occupied, final repository for low-active radioactive waste;None;7.5656729e-09;cubic meter;cutoff38
ae7c41382886653da473334999b91209;Volume occupied, final repository for radioactive waste;None;6.3530633e-10;cubic meter;cutoff38
aee86ab018bcde870e81e48589cd0c84;market for high level radioactive waste for final repository;RoW;-0.0023;cubic meter;cutoff38
af506a769033e1c43ed1cdb3c2f34a5a;market for low level radioactive waste for final repository;GLO;-2.15242470867989e-06;cubic meter;cutoff38
af51dbe3db728ab16fc21d5c5a958d5a;market for low level radioactive waste;GLO;-2e-07;cubic meter;cutoff38
af6330d52360e68a3ad871dafcfd87f9;market for low level radioactive waste;GLO;-1.91045606229143e-09;cubic meter;cutoff38
af6330d52360e68a3ad871dafcfd87f9;market for low level radioactive waste for final repository;GLO;-8.95439377085651e-09;cubic meter;cutoff38
b215316190b248c43968ad9a14368cad;Volume occupied, final repository for low-active radioactive waste;None;2.9619605e-08;cubic meter;cutoff38
b215316190b248c43968ad9a14368cad;Volume occupied, final repository for radioactive waste;None;1.6798412e-09;cubic meter;cutoff38
b2a920804271d7c99f1999606f0f0587;market for low level radioactive waste;GLO;-1.8032e-09;cubic meter;cutoff38
b2a920804271d7c99f1999606f0f0587;market for low level radioactive waste for final repository;GLO;-2.84e-08;cubic meter;cutoff38
b6f17f3cb4422d1d6ce2907062dde88d;market for low level radioactive waste for final repository;GLO;-2.84e-08;cubic meter;cutoff38
b6f17f3cb4422d1d6ce2907062dde88d;market for low level radioactive waste;GLO;-1.8032e-09;cubic meter;cutoff38
b6f921e485999b61e6fd1e79307a9aaf;market for low level radioactive waste for final repository;GLO;-8.95439377085651e-09;cubic meter;cutoff38
b6f921e485999b61e6fd1e79307a9aaf;market for low level radioactive waste;GLO;-1.91045606229143e-09;cubic meter;cutoff38
b77918a69dac447c9882001d57d6e91b;market for low level radioactive waste;GLO;-1.83120491878137e-05;cubic meter;cutoff38
b7fe1f1617d67fe87eea221ec9c94126;market for low level radioactive waste;GLO;-0.000333;cubic meter;cutoff38
b8f986c5d98bfd867e0acd939a855f3e;Volume occupied, final repository for low-active radioactive waste;None;8.8580859e-09;cubic meter;cutoff38
b8f986c5d98bfd867e0acd939a855f3e;Volume occupied, final repository for radioactive waste;None;2.4890036e-10;cubic meter;cutoff38
bad4cfb23f8871243ba404a90bb75be3;market for low level radioactive waste for final repository;GLO;-4.3052751853151e-05;cubic meter;cutoff38
bda22fec9ac3388a2dff1c5faaf39eb7;market for low level radioactive waste;GLO;-0.00063;cubic meter;cutoff38
bdc2fe964b65beabf3878539b66f02eb;market for low level radioactive waste;GLO;-0.00063;cubic meter;cutoff38
be4149773d9bb4446aaa6f0d07425616;market for low level radioactive waste;GLO;-1.8032e-09;cubic meter;cutoff38
be4149773d9bb4446aaa6f0d07425616;market for low level radioactive waste for final repository;GLO;-2.84e-08;cubic meter;cutoff38
be478a6316218d5b7537573f993abbfd;market for low level radioactive waste;GLO;-0.00054;cubic meter;cutoff38
bea71e56ba890be6e0500afda33cca51;Volume occupied, final repository for low-active radioactive waste;None;7.1899393e-09;cubic meter;cutoff38
bea71e56ba890be6e0500afda33cca51;Volume occupied, final repository for radioactive waste;None;4.07323e-10;cubic meter;cutoff38
bece82541eb8c869df2ef74640a3a366;market for low level radioactive waste;GLO;-1.6568e-08;cubic meter;cutoff38
bece82541eb8c869df2ef74640a3a366;market for low level radioactive waste for final repository;GLO;-4.05e-08;cubic meter;cutoff38
bf5b1ff90156f278c9b121c4d05f0ff6;market for low level radioactive waste for final repository;GLO;-3.20405657066671e-06;cubic meter;cutoff38
bfa10244596f22a9b9546881e2c68c0f;market for low level radioactive waste;GLO;-1.6751732296772e-09;cubic meter;cutoff38
bfd973b6f9f1aca0c733e24c2c7c927d;market for low level radioactive waste;GLO;-0.00063;cubic meter;cutoff38
c04a983f92defb4af4352ec3989056f5;market for low level radioactive waste;GLO;-0.000333;cubic meter;cutoff38
c07ad946e71e4539db542e98aede5849;market for low level radioactive waste;GLO;-1.99558561097023e-07;cubic meter;cutoff38
c081e729af78fd69a23267214d08af12;market for low level radioactive waste;GLO;-1.74247326082189e-07;cubic meter;cutoff38
c0c3588ae5d7ba59ba8784f299a97d94;Volume occupied, final repository for low-active radioactive waste;None;6.1199105e-08;cubic meter;cutoff38
c0c3588ae5d7ba59ba8784f299a97d94;Volume occupied, final repository for radioactive waste;None;2.0005181e-09;cubic meter;cutoff38
c19a147972582c21b2fd52cb593c376a;market for low level radioactive waste;GLO;-0.00063;cubic meter;cutoff38
c1b5e30e1bd8babd47d76e0d115e5828;market for low level radioactive waste;GLO;-0.00063;cubic meter;cutoff38
c41e1ecd17118b6a3cce571f9b5fb959;market for low level radioactive waste;GLO;-6.38270136512892e-07;cubic meter;cutoff38
c46cf0e6ffedc4bf2d7fffff7041da6e;market for low level radioactive waste;GLO;-8.02194461577613e-07;cubic meter;cutoff38
c5e326c1b1139bd08158dba709e14278;Volume occupied, final repository for low-active radioactive waste;None;3.1909739e-08;cubic meter;cutoff38
c5e326c1b1139bd08158dba709e14278;Volume occupied, final repository for radioactive waste;None;1.8069045e-09;cubic meter;cutoff38
c6300ebdd1cf26fb86f49152bd003fb9;market for low level radioactive waste;GLO;-0.000333;cubic meter;cutoff38
c688a36959e367b5e9bef93e22e05771;market for low level radioactive waste;GLO;-0.000115573387328654;cubic meter;cutoff38
c79b2e9846de5eabf3766d3244de85f7;market for low level radioactive waste;GLO;-1.07779365318093e-07;cubic meter;cutoff38
c9bba815f2c68dd53e3b41ce87e65d58;market for low level radioactive waste;GLO;-0.00063;cubic meter;cutoff38
ca6b44b06e8c9b0960a9cab21e186153;Volume occupied, final repository for low-active radioactive waste;None;2.4488927e-06;cubic meter;cutoff38
ca6b44b06e8c9b0960a9cab21e186153;Volume occupied, final repository for radioactive waste;None;1.1227314e-07;cubic meter;cutoff38
cb7eaf49d6750b069dc4d9bb484bd067;Volume occupied, final repository for low-active radioactive waste;None;6.6988909e-09;cubic meter;cutoff38
cb7eaf49d6750b069dc4d9bb484bd067;Volume occupied, final repository for radioactive waste;None;5.4453677e-10;cubic meter;cutoff38
cd487391054fffa4db0309156ceffc4a;market for low level radioactive waste for final repository;GLO;-6.05948780649596e-07;cubic meter;cutoff38
cfe75eb3cd51b7eed8e4dc987e8ee7f7;market for low level radioactive waste;GLO;-0.00054;cubic meter;cutoff38
d1124e78ff9f612e6fac56f83d506dc8;market for low level radioactive waste;GLO;-3.84712204126023e-05;cubic meter;cutoff38
d2c8474c4d4efb482a225f6d541db581;Volume occupied, final repository for low-active radioactive waste;None;1.5575647e-06;cubic meter;cutoff38
d2c8474c4d4efb482a225f6d541db581;Volume occupied, final repository for radioactive waste;None;7.153276e-08;cubic meter;cutoff38
d4d0ca5af2c19dba631f5865dd39ba27;Volume occupied, final repository for low-active radioactive waste;None;4.8766545e-08;cubic meter;cutoff38
d4d0ca5af2c19dba631f5865dd39ba27;Volume occupied, final repository for radioactive waste;None;2.7627125e-09;cubic meter;cutoff38
d7d562effb9772d624ea214586edb418;market for low level radioactive waste;GLO;-0.000333;cubic meter;cutoff38
d7d5e1383b17b1d8711c28c2abb54982;market for low level radioactive waste;GLO;-0.00054;cubic meter;cutoff38
d8a47905908e70363a5ebb416e688fa5;market for low level radioactive waste;GLO;-1.53315820896e-08;cubic meter;cutoff38
d8a47905908e70363a5ebb416e688fa5;market for low level radioactive waste for final repository;GLO;-3.74776119403e-08;cubic meter;cutoff38
db96ae7b0304b46b50250b2e46dd638f;market for low level radioactive waste;GLO;-0.000333;cubic meter;cutoff38
dfb8ccd154acd7b47510b7c28501df30;market for low level radioactive waste;GLO;-2.15819024039817e-09;cubic meter;cutoff38
e1a4fb1e6ddb921f07b2a12948103295;market for low level radioactive waste;GLO;-1.6568e-08;cubic meter;cutoff38
e1a4fb1e6ddb921f07b2a12948103295;market for low level radioactive waste for final repository;GLO;-4.05e-08;cubic meter;cutoff38
e456fc037912134394e08ef21d5a5dac;market for low level radioactive waste;GLO;-0.00063;cubic meter;cutoff38
e4c89ab992c903a08670250fa43ad36e;market for low level radioactive waste;GLO;-5.96042721788346e-05;cubic meter;cutoff38
e4d4cc13083ea564fd48ac0a5925b36b;market for low level radioactive waste for final repository;GLO;-2.84e-08;cubic meter;cutoff38
e4d4cc13083ea564fd48ac0a5925b36b;market for low level radioactive waste;GLO;-1.8032e-09;cubic meter;cutoff38
e512426d4f009c0c2362b260d0652b4c;Volume occupied, final repository for low-active radioactive waste;None;1.6755384e-08;cubic meter;cutoff38
e512426d4f009c0c2362b260d0652b4c;Volume occupied, final repository for radioactive waste;None;1.3742682e-09;cubic meter;cutoff38
e5452591daeef2cca82e2792687b0e74;market for low level radioactive waste;GLO;-0.000333;cubic meter;cutoff38
e5844842b92bcb0056abf1c547029eb6;market for low level radioactive waste;GLO;-1.6568e-08;cubic meter;cutoff38
e5844842b92bcb0056abf1c547029eb6;market for low level radioactive waste for final repository;GLO;-4.25e-08;cubic meter;cutoff38
e68a78ea71f9189db6d3b4de91a47bf2;market for low level radioactive waste;GLO;-1.68371084337e-09;cubic meter;cutoff38
e68a78ea71f9189db6d3b4de91a47bf2;market for low level radioactive waste for final repository;GLO;-2.65180722892e-08;cubic meter;cutoff38
e6d9857337753f856672aaf6aeba54a2;Volume occupied, final repository for low-active radioactive waste;None;2.6508994e-08;cubic meter;cutoff38
e6d9857337753f856672aaf6aeba54a2;Volume occupied, final repository for radioactive waste;None;1.5017822e-09;cubic meter;cutoff38
e7a6f8de063aaa950861cbf2b759b5f8;market for low level radioactive waste;GLO;-0.000211121674353068;cubic meter;cutoff38
e81c92d2991b5d82c97eb699b43e380b;market for low level radioactive waste;GLO;-1.8032e-09;cubic meter;cutoff38
e81c92d2991b5d82c97eb699b43e380b;market for low level radioactive waste for final repository;GLO;-2.84e-08;cubic meter;cutoff38
e95504c2b48cc194d344d1b605ec211d;market for low level radioactive waste;GLO;-2e-07;cubic meter;cutoff38
eaee65d310518f80d182479d9de072b0;market for low level radioactive waste;GLO;-0.00054;cubic meter;cutoff38
ec0799749916a3ba15f2b8201747788c;market for low level radioactive waste;GLO;-0.00054;cubic meter;cutoff38
eea45213d2a5a92d0af70088df380fc9;market for low level radioactive waste;GLO;-1.6568e-08;cubic meter;cutoff38
eea45213d2a5a92d0af70088df380fc9;market for low level radioactive waste for final repository;GLO;-4.05e-08;cubic meter;cutoff38
eedcbcc77c2336083f99dfc8825c244e;market for low level radioactive waste;GLO;-1.8032e-09;cubic meter;cutoff38
eedcbcc77c2336083f99dfc8825c244e;market for low level radioactive waste for final repository;GLO;-2.84e-08;cubic meter;cutoff38
f16ebe0cf00906d23646f15369313fe6;treatment of low level radioactive waste, in interim storage;CH;-0.9;cubic meter;cutoff38
f16ebe0cf00906d23646f15369313fe6;treatment of low level radioactive waste, surface or trench deposit;CH;-0.01;cubic meter;cutoff38
f16ebe0cf00906d23646f15369313fe6;treatment of low level radioactive waste, plasma torch incineration;CH;-0.09;cubic meter;cutoff38
f24c4ec741654780fe5e6d6ec6b6ce16;market for low level radioactive waste;GLO;-1.8032e-09;cubic meter;cutoff38
f24c4ec741654780fe5e6d6ec6b6ce16;market for low level radioactive waste for final repository;GLO;-2.84e-08;cubic meter;cutoff38
f29b847a28ee5103d5bdac6fbe6815e4;market for low level radioactive waste for final repository;GLO;-3.98339493610363e-05;cubic meter;cutoff38
f2d7212ae4b77a3784fc2d13ad9f63a2;market for low level radioactive waste for final repository;GLO;-3.38093823588756e-05;cubic meter;cutoff38
f34b7171c7e35dbbc113a7b4713250e0;market for low level radioactive waste for final repository;GLO;-2.55334170433866e-06;cubic meter;cutoff38
f35d4b4047bb090ad54f9aa755475ff0;market for low level radioactive waste;GLO;-0.00344855870736532;cubic meter;cutoff38
f46a0ee47468efdc792a2c3abe9f64e8;Volume occupied, final repository for low-active radioactive waste;None;2.2734285e-08;cubic meter;cutoff38
f46a0ee47468efdc792a2c3abe9f64e8;Volume occupied, final repository for radioactive waste;None;1.4732763e-09;cubic meter;cutoff38
f4a33ee7af72859e73df04d67e6925b7;market for low level radioactive waste;GLO;-0.00435;cubic meter;cutoff38
f4f2bed7a59d206e805d87e9f53192f5;Volume occupied, final repository for low-active radioactive waste;None;6.3220113e-08;cubic meter;cutoff38
f4f2bed7a59d206e805d87e9f53192f5;Volume occupied, final repository for radioactive waste;None;2.1121809e-09;cubic meter;cutoff38
f54cab199b06951bf81203426fae5689;market for low level radioactive waste;GLO;-0.00061;cubic meter;cutoff38
f8cc56394617edf89d1e7c65415f775f;market for low level radioactive waste;GLO;-0.00054;cubic meter;cutoff38
f95735f10879c238a036ddc7f2565611;market for low level radioactive waste for final repository;GLO;-4.05e-08;cubic meter;cutoff38
f95735f10879c238a036ddc7f2565611;market for low level radioactive waste;GLO;-1.6568e-08;cubic meter;cutoff38
fb506db4f642fe362f38442e7ff34751;market for low level radioactive waste;GLO;-0.00063;cubic meter;cutoff38
fbaba90b3050b2b24822fceb64a99904;market for low level radioactive waste for final repository;GLO;-2.85131702147184e-06;cubic meter;cutoff38
