000b5c070f62af8100dbfdd82f2952eb;treatment of municipal solid waste, open burning;GLO;-0.00369092;kilogram;con38
00102acd77763a9f08659a71d56ef060;treatment of waste polyethylene, open burning;GLO;-0.00917395587533919;kilogram;con38
001bfa21a2ba1e1c4f674709e389ef14;treatment of waste polyurethane, open burning;GLO;-0.0264593941066286;kilogram;con38
00c8d2d42e993b6d6b11965999e1027b;treatment of waste polyethylene terephthalate, open burning;GLO;-0.000565773149803462;kilogram;con38
01d6cb8442fe894b509f98be836922de;treatment of waste polyethylene, open burning;GLO;-0.0589997881455436;kilogram;con38
02b61f6fd34209668a4beea7a62c4002;treatment of waste plastic, mixture, open burning;GLO;-0.0135770927668737;kilogram;con38
039a6c6da2559a980e7f80d494869ae4;treatment of waste polystyrene, open burning;GLO;-0.0291927726473145;kilogram;con38
03f22a9dcbc0888e09209bdabe89b024;treatment of waste wood, untreated, open burning;GLO;-0.0589997881455436;kilogram;con38
040d55c3d281dccf9c9c8aacd44e8817;treatment of waste glass, open burning;GLO;-0.0264593941066286;kilogram;con38
040e89990ed48828ba79f18d2eddeea9;treatment of waste polyurethane, open burning;GLO;-0.0278904162073016;kilogram;con38
04a114cf7aa68c43f6ac2cf98508f313;treatment of municipal solid waste, open burning;GLO;-0.113764;kilogram;con38
052a0393dc4f91d9880ded33f2e4d179;treatment of waste polypropylene, open burning;GLO;-0.284307580310206;kilogram;con38
053837543100e15dfa450be22acd4f85;treatment of waste graphical paper, open burning;GLO;-0.0291927726473145;kilogram;con38
055f40c5c8850170091358d83b24889b;treatment of waste wood, untreated, open burning;GLO;-0.0871242405735605;kilogram;con38
06e78355b6e8d486b63d0e74cd4dde63;treatment of waste polyethylene terephthalate, open burning;GLO;-0.00966043946660359;kilogram;con38
0714203cf2ab0cd54bad63d0333773a7;treatment of waste polyethylene, open burning;GLO;-0.00369092313422926;kilogram;con38
07236e2751adf832409fddaa1f77e7b0;treatment of waste plastic, mixture, open burning;GLO;-0.0330013176794512;kilogram;con38
076ff9eb3c751fb93375756d392d2033;treatment of waste paperboard, open burning;GLO;-0.0624725160068898;kilogram;con38
07a8204df2248c5cd0fa28213527fe8a;treatment of waste polypropylene, open burning;GLO;-0.0589997881455436;kilogram;con38
07ee1e52b53f99c40c4785316e6ba553;treatment of waste paperboard, open burning;GLO;-0.0634286239725263;kilogram;con38
07fa6cddea0a3f82b83756e539224356;treatment of waste polyvinylchloride, open burning;GLO;-0.0974434868744582;kilogram;con38
08207236f3fa4e7c42dcf4bbb3e45595;treatment of waste polyethylene, open burning;GLO;-0.000301606625741877;kilogram;con38
082a01ac1a9a691932a85cee501e9e50;treatment of waste plastic, mixture, open burning;GLO;-0.0409099500836998;kilogram;con38
0870b32102d04595b7fce91dc2ec052f;treatment of waste polyethylene terephthalate, open burning;GLO;-0.113764292129076;kilogram;con38
0933cae5da462d3894c2015ebf324006;treatment of waste polyurethane, open burning;GLO;-0.000668777328610643;kilogram;con38
09b62a40667e39754f5fc3690266c828;market for waste glass pane in burnable frame;RoW;-29262.5424132716;kilogram;con38
0a2a1638838ee79f2b529d376174c298;treatment of waste polypropylene, open burning;GLO;-0.00369092313422926;kilogram;con38
0b15b6321160a4fecb79f32ddd8ad116;treatment of waste polyvinylchloride, open burning;GLO;-0.0624725160068898;kilogram;con38
0b79cfd290f3f64221ec7b24dd1c346a;treatment of waste packaging paper, open burning;GLO;-0.0897695128049834;kilogram;con38
0c3b2db4c611dacb5196e5e0fbb1744a;treatment of waste plastic, mixture, open burning;GLO;-0.0624725160068898;kilogram;con38
0c6ac51eaf32346752c04f2b3a3dfc50;treatment of waste polystyrene, open burning;GLO;-0.0104397907139771;kilogram;con38
0d38fedfdeaddaae2d858470e170356f;treatment of waste polyvinylchloride, open burning;GLO;-0.0291927726473145;kilogram;con38
0d5b0da519074220ea67563dff9d97e7;treatment of waste wood, untreated, open burning;GLO;-0.113764292129076;kilogram;con38
0d764aae3f4aaea63c609124e60de3d1;treatment of waste paperboard, open burning;GLO;-0.0278904162073016;kilogram;con38
0ddd9ce795bcf4295d082e796135b870;treatment of waste polyurethane, open burning;GLO;-0.0104397907139771;kilogram;con38
0dee6c5660e9507d9c4d740393268d0e;treatment of waste, pneumatic tyres, open burning;GH;-0.111938571428571;kilogram;con38
0dee6c5660e9507d9c4d740393268d0e;treatment of waste, pneumatic tyres, open burning;RoW;-0.888061428571429;kilogram;con38
0e5d77df6ac1df2f6b6de112d1db9542;treatment of waste polyethylene, open burning;GLO;-0.19020481996282;kilogram;con38
0f1bf93930d92bae20e41d33e9e4be15;treatment of waste polystyrene, open burning;GLO;-0.0203629272318968;kilogram;con38
0fa36b6181562268e83546b91c435b57;treatment of waste polyvinylchloride, open burning;GLO;-0.284307580310206;kilogram;con38
1023bcb2e8ed52cd68d7b35adb339ee3;treatment of waste polyethylene, open burning;GLO;-0.0143533996706812;kilogram;con38
105252864f25c8f5b7850195e5c4a6e4;treatment of waste polyethylene, open burning;GLO;-0.0334239090407301;kilogram;con38
105e1dcaf28191e92398a7d386ee85b2;treatment of waste polyethylene, open burning;GLO;-0.0278904162073016;kilogram;con38
1080d2c1bd2db5cac9b4289d9c62b234;treatment of municipal solid waste, open burning;GLO;-0.0330013;kilogram;con38
10e3d6a8082042aa963b0370dc6dd47a;treatment of waste glass, open burning;GLO;-0.0330013176794512;kilogram;con38
114a858ad5fd1de4c96cc7ccea5a6c01;treatment of waste wood, untreated, open burning;GLO;-0.0860011568767784;kilogram;con38
11a367b48cfe8a3c30f659884f0e6bb7;treatment of waste polyurethane, open burning;GLO;-0.0860011568767784;kilogram;con38
11e844ed0f95b7794cfa261f38495dcd;treatment of waste polyethylene, open burning;GLO;-0.0974434868744583;kilogram;con38
1247d3d4d152fae32f290815141518ac;treatment of waste glass, open burning;GLO;-0.00674378845855387;kilogram;con38
1281f33b7bc122a1207f86481d3ad4b0;treatment of waste polyethylene, open burning;GLO;-0.113764292129076;kilogram;con38
12c6b1e8e653f5b7af77152b32203816;treatment of waste plastic, mixture, open burning;GLO;-0.0203629272318968;kilogram;con38
12e7f8a5870cfb042b2e7c14bd778733;treatment of waste polyvinylchloride, open burning;GLO;-0.0205469906849226;kilogram;con38
13532450313f358abed93bdeeb3751d5;treatment of waste wood, untreated, open burning;GLO;-0.0330013176794512;kilogram;con38
13dc06841c5eec99ce86f6799285a579;treatment of waste packaging paper, open burning;GLO;-0.000565773149803462;kilogram;con38
14798cdf3eb00b187bccab81c0d4ad3d;treatment of waste polystyrene, open burning;GLO;-0.0897695128049834;kilogram;con38
1494ac2e975e7eb8817075d59be8ee79;treatment of waste wood, untreated, open burning;GLO;-0.00674378845855387;kilogram;con38
15d7ec8e94e2c90542f1f58cf37bcf84;treatment of waste glass, open burning;GLO;-0.000986035967648575;kilogram;con38
16010f0509d1d58bd80c1a976fa84af4;treatment of waste polyethylene terephthalate, open burning;GLO;-0.000111927049697239;kilogram;con38
1697b8010c88b5000442262bbc3f3a5f;treatment of waste polyurethane, open burning;GLO;-0.000526841223095166;kilogram;con38
169b86dae5433e8956a469e90666a9a4;market for waste glass pane in burnable frame;RoW;-21909.8452448362;kilogram;con38
16c4858ef60167c0cd4e6189bd63641b;treatment of waste glass, open burning;GLO;-0.0275938418728608;kilogram;con38
174df0409da6eb4f627191fb8cc32146;treatment of waste graphical paper, open burning;GLO;-0.0150317896138671;kilogram;con38
178192abc699186a1abb70cf54166121;treatment of waste wood, untreated, open burning;GLO;-0.015265724881001;kilogram;con38
180d06fa069b8484bb8ee0d5b4ed72cc;treatment of waste wood, untreated, open burning;GLO;-0.0143533996706812;kilogram;con38
183997df510ce9d6a12a2a41b77b4d04;market for waste glass pane in burnable frame;CH;-21909.8452448362;kilogram;con38
1843f54738f14f123a44a4e054f7caed;treatment of waste polyurethane, open burning;GLO;-0.0897695128049834;kilogram;con38
18451e8ded2674006468234dd408961c;treatment of waste polyurethane, open burning;GLO;-0.0150317896138671;kilogram;con38
1856de0d858096be7e9c3ba37cb1eaf3;treatment of waste polyurethane, open burning;GLO;-0.00966043946660359;kilogram;con38
18e3e914c6cce43b52dba62b8dafbfcc;treatment of waste polyvinylchloride, open burning;GLO;-0.0107372908969953;kilogram;con38
196023d80193ea9ca8acc4467a2a8a42;treatment of waste glass, open burning;GLO;-0.0589997881455436;kilogram;con38
1af96bfd3a38b1d5af0bb0c4460a8730;treatment of municipal solid waste, open burning;GLO;-0.0104398;kilogram;con38
1b0b2284707112373a9361e8f94355ec;treatment of municipal solid waste, open burning;GLO;-0.00917396;kilogram;con38
1b4070c022cdafe0f45782214c385205;treatment of waste polyethylene, open burning;GLO;-0.00017434433461976;kilogram;con38
1bf33d28ae5d2a48ea07b2d45288f37b;treatment of waste polyethylene terephthalate, open burning;GLO;-0.284307580310206;kilogram;con38
1c2a9544d7b81d3d25708f08118f95eb;treatment of waste polyurethane, open burning;GLO;-0.0624725160068898;kilogram;con38
1c6aa5cfdad25f06bf996112b7d01be2;treatment of waste polyvinylchloride, open burning;GLO;-0.015265724881001;kilogram;con38
1c83519482ebf9e71a9b07c288aae106;treatment of waste graphical paper, open burning;GLO;-0.0818907401750148;kilogram;con38
1cb9a7465163d3fce943e2e085adb980;treatment of waste packaging paper, open burning;GLO;-0.0150317896138671;kilogram;con38
1d18a431932730a9baacfdf951a4e774;treatment of municipal solid waste, open burning;GLO;-0.000986036;kilogram;con38
1d27471926b5ad7a316cb46dd78f3ac0;treatment of waste glass, open burning;GLO;-0.000565773149803462;kilogram;con38
1d386ec1dec819156d1e29fae4b09333;treatment of waste polypropylene, open burning;GLO;-0.0104397907139771;kilogram;con38
1da87721d53eb3cf5f4b998a487a804b;treatment of waste polystyrene, open burning;GLO;-0.0135770927668737;kilogram;con38
1dc86c8931adf8cbdc1c856537c2b722;treatment of waste polystyrene, open burning;GLO;-0.0107372908969953;kilogram;con38
1e3b9dcc1329b603f8e66d6394375ff9;treatment of waste graphical paper, open burning;GLO;-0.0278904162073016;kilogram;con38
1e62151d4f4b08fbd0169c6f3a7238e8;treatment of waste glass, open burning;GLO;-0.000182090137116258;kilogram;con38
2036518abf1f28d919134188f3a8a6c4;treatment of waste polypropylene, open burning;GLO;-0.0409099500836998;kilogram;con38
20fc50e27c2e31c1dee90bf43d3ea484;treatment of waste polyvinylchloride, open burning;GLO;-0.0264593941066286;kilogram;con38
2147c62d85fe22725e81b60088c3423d;treatment of waste polyurethane, open burning;GLO;-0.0330013176794512;kilogram;con38
22a470109d7f39e77192ed1ab4885a11;treatment of waste wood, untreated, open burning;GLO;-0.0624725160068898;kilogram;con38
22e46e5d352feff1fe581c327506cf39;treatment of waste paperboard, open burning;GLO;-0.0135770927668737;kilogram;con38
23fad266f8f10b5fe8adbc2f15e0d86f;treatment of waste polyvinylchloride, open burning;GLO;-0.000111927049697239;kilogram;con38
23fadd36718642fde09583116d1a4cdd;treatment of waste polyethylene, open burning;GLO;-0.0897695128049834;kilogram;con38
243f35db7422265031986338890752f5;treatment of waste plastic, mixture, open burning;GLO;-0.00369092313422926;kilogram;con38
24f75696959183cd1fc93bae5f997a2c;treatment of waste glass, open burning;GLO;-0.0291927726473145;kilogram;con38
254ee547c82ffb5659f76c32c11c1a67;treatment of waste plastic, mixture, open burning;GLO;-0.0150317896138671;kilogram;con38
25d6bdff5b3725d497a4ed4e8d04f1a6;treatment of waste polyethylene terephthalate, open burning;GLO;-0.0871242405735605;kilogram;con38
25e7ad839b8e4880056c0fb5b36eca7b;treatment of waste paperboard, open burning;GLO;-0.00260975115734594;kilogram;con38
26ec06e30b04833885aed3f55966b8e3;treatment of waste polyethylene, open burning;GLO;-0.0104397907139771;kilogram;con38
2754e2e7fe8e7b78218383b7db080348;treatment of waste paperboard, open burning;GLO;-0.0589997881455436;kilogram;con38
283da8a3d6301a052638737f76fb6e71;treatment of waste plastic, mixture, open burning;GLO;-0.0334239090407301;kilogram;con38
28627aad4f800b5c14586d925b1da834;treatment of waste packaging paper, open burning;GLO;-0.0143533996706812;kilogram;con38
28a84f35439761c5c4d9f3af76be5da2;treatment of waste wood, untreated, open burning;GLO;-0.000668777328610643;kilogram;con38
29076fd53d9a3befd90416742e863609;treatment of waste polyvinylchloride, open burning;GLO;-0.0216911062443454;kilogram;con38
295538c61a634a350d06b084b541000f;treatment of waste plastic, mixture, open burning;GLO;-0.0275938418728608;kilogram;con38
29720c96dc0f65065e9f283b12f76806;treatment of waste wood, untreated, open burning;GLO;-0.0203629272318968;kilogram;con38
2a1b847d48a88a37fca73db9f9981a6d;treatment of waste polyvinylchloride, open burning;GLO;-0.19020481996282;kilogram;con38
2accc94e297fb21bbcf64af9949e815a;treatment of waste polypropylene, open burning;GLO;-0.0487658869735807;kilogram;con38
2b3413b824b4a3ed12a550269f489383;treatment of waste polyurethane, open burning;GLO;-0.0334239090407301;kilogram;con38
2c42efae7d0f2b18fdf78043e90e9aa8;market for waste glass pane in burnable frame;CH;-2.7403302303698e-09;kilogram;con38
2c42efae7d0f2b18fdf78043e90e9aa8;market for waste glass pane in burnable frame;RoW;-3.22834975212669e-07;kilogram;con38
2cf10d5c5bda3971b3f14f573488b518;market for waste glass pane in burnable frame;CH;-2.7403302303698e-09;kilogram;con38
2cf10d5c5bda3971b3f14f573488b518;market for waste glass pane in burnable frame;RoW;-3.22834975212669e-07;kilogram;con38
2d725e057d3321848576341eb15e27c4;treatment of waste polyethylene, open burning;GLO;-0.00966043946660359;kilogram;con38
2e173af9b98f0b611ed918b47e4879ff;treatment of waste wood, untreated, open burning;GLO;-0.000986035967648575;kilogram;con38
2edea04edf92598fa853f99d4615e584;treatment of waste polyurethane, open burning;GLO;-0.00017434433461976;kilogram;con38
2f5634e4a0b441e4a02b92580b38379d;treatment of waste polystyrene, open burning;GLO;-0.000986035967648575;kilogram;con38
2ff5474af3b8a8039d6bee9588b293fe;treatment of municipal solid waste, open burning;GLO;-0.04091;kilogram;con38
3168bf4cb77dd8feda576f408411d1ce;treatment of waste graphical paper, open burning;GLO;-0.0143533996706812;kilogram;con38
323ba466292d552a03286a2d5cb13478;treatment of waste glass, open burning;GLO;-0.000526841223095166;kilogram;con38
3280dcd45c41a523ca427950be20c984;treatment of waste wood, untreated, open burning;GLO;-0.000526841223095166;kilogram;con38
32e352ce2876a57dcc6e06b3cdc106e8;treatment of waste glass, open burning;GLO;-0.0107372908969953;kilogram;con38
331cb9979486169094f0823f958499bd;treatment of waste paperboard, open burning;GLO;-0.0330013176794512;kilogram;con38
33d5c3c9daea851deb5009fb07636843;treatment of waste plastic, mixture, open burning;GLO;-0.015265724881001;kilogram;con38
3403a47c93eddd1c7203f271ecd202bd;treatment of municipal solid waste, open burning;GLO;-0.0107373;kilogram;con38
34f94f40a5a559d06b905d85689e5471;market for waste glass pane in burnable frame;CH;-3.34433792907557e-09;kilogram;con38
34f94f40a5a559d06b905d85689e5471;market for waste glass pane in burnable frame;RoW;-3.93992388388242e-07;kilogram;con38
35fd501a5e1ed2e0ca54f25fbbe29a89;treatment of waste wood, untreated, open burning;GLO;-0.0291927726473145;kilogram;con38
3673304b7c9e5e53739cc0e5227d8542;treatment of waste plastic, mixture, open burning;GLO;-0.000182090137116258;kilogram;con38
36c11fb367fff2138d1b96ad4ac43b89;treatment of waste polyvinylchloride, open burning;GLO;-0.0275938418728608;kilogram;con38
3777949c517e1617b0da5e618518542d;treatment of waste wood, untreated, open burning;GLO;-0.00017434433461976;kilogram;con38
37e1f82b2c24e74c255af0097e9ff7c3;treatment of waste polypropylene, open burning;GLO;-0.015265724881001;kilogram;con38
37f203b3099ead38cc3997f861bdf816;treatment of waste polyvinylchloride, open burning;GLO;-0.0589997881455436;kilogram;con38
394321e4e531a8fe9089eabed54cf966;market for waste glass pane in burnable frame;RoW;-22222.990147542;kilogram;con38
3a2511dde5fba0c3166f73e91b3196dd;treatment of waste graphical paper, open burning;GLO;-0.00260975115734594;kilogram;con38
3abab76547bd5e9a6bd1c90db164e9a4;treatment of waste polyurethane, open burning;GLO;-0.0291927726473145;kilogram;con38
3b2469af927300f527beafe5d15205f6;treatment of waste polyethylene, open burning;GLO;-0.00417186912852553;kilogram;con38
3b8ad1b916eb65be3f07f47e4a8b8b31;treatment of waste packaging paper, open burning;GLO;-0.000986035967648575;kilogram;con38
3c55a3e2642d0cae1d84ed22c6dd8484;treatment of waste paperboard, open burning;GLO;-0.0205469906849226;kilogram;con38
3c675d8c08ad1086dee6226f9373ecc0;treatment of waste glass, open burning;GLO;-0.00966043946660359;kilogram;con38
3c8e47708842877a150dd55edc0fca37;treatment of waste glass, open burning;GLO;-0.284307580310206;kilogram;con38
3cdc44339f2d08a376941eede2ea12f6;treatment of waste polyethylene, open burning;GLO;-0.000565773149803462;kilogram;con38
3d87f8231bfe6ff771bf2bc3f2ce4b79;treatment of waste packaging paper, open burning;GLO;-0.0634286239725263;kilogram;con38
3dc2e60842d98ac2c674aae1004e841e;treatment of waste polyethylene terephthalate, open burning;GLO;-0.0487658869735807;kilogram;con38
3e5773a4d2786f10c1ccef0c22910f6c;treatment of waste wood, untreated, open burning;GLO;-0.100978573111918;kilogram;con38
3f1ed86353923237f1f42aca45c200c5;treatment of waste polyethylene, open burning;GLO;-0.00674378845855387;kilogram;con38
3f50b10d2ce60af1223b67ca7dfde25a;treatment of waste polypropylene, open burning;GLO;-0.0203629272318968;kilogram;con38
403d789aa7cae521ef4a0b8da319a0e7;treatment of waste packaging paper, open burning;GLO;-0.00017434433461976;kilogram;con38
407c9c42e386a1f3ec05c8db6d01a1e3;treatment of waste polyethylene, open burning;GLO;-0.000986035967648575;kilogram;con38
40b0604d85ae9b8acd283e593c38fed6;treatment of waste packaging paper, open burning;GLO;-0.0330013176794512;kilogram;con38
40b1a2da94e2b596fce5e7e28166d4bf;treatment of waste polyethylene terephthalate, open burning;GLO;-0.000526841223095166;kilogram;con38
40cbe7f822b9fc435cbfa295736beb9d;treatment of waste paperboard, open burning;GLO;-0.0104397907139771;kilogram;con38
4131f56b3f7086022bc4f94c9a2c17a8;treatment of waste polyvinylchloride, open burning;GLO;-0.0150317896138671;kilogram;con38
41e1eb93d0e2c17fa1f2389b16f42063;treatment of municipal solid waste, open burning;GLO;-0.00417187;kilogram;con38
41eddefad4de7bc0a10b371481a65c3f;treatment of waste packaging paper, open burning;GLO;-0.284307580310206;kilogram;con38
4289f6ac7f318c3be695fb854fc1cd41;treatment of waste polypropylene, open burning;GLO;-0.0860011568767784;kilogram;con38
42b8f2eb61bb376e15ffb3c1f08bbc16;treatment of waste plastic, mixture, open burning;GLO;-0.0860011568767784;kilogram;con38
43b12cb60fb9291e845b429150c540eb;treatment of waste polyethylene, open burning;GLO;-0.0122605420657861;kilogram;con38
443d9717b0c844a9e31de887f16bf6a1;treatment of municipal solid waste, open burning;GLO;-0.0122605;kilogram;con38
4479cf09a0d97470f22e9983e93299b6;treatment of waste polyvinylchloride, open burning;GLO;-0.0634286239725263;kilogram;con38
450a3de800a650f203abc0a9af833352;treatment of waste glass, open burning;GLO;-0.0794462428184695;kilogram;con38
460c0f838f63e69d3a43862b1ba18bf4;treatment of waste plastic, mixture, open burning;GLO;-0.00260975115734594;kilogram;con38
468965cf341e40451f90cd250d0a02d8;treatment of waste glass pane in burnable frame, collection for final disposal;CH;-0.82;kilogram;con38
468965cf341e40451f90cd250d0a02d8;treatment of waste glass pane in burnable frame, sorting plant;CH;-0.18;kilogram;con38
470708ec9bc103309ad6e335cc3e0206;treatment of waste polyethylene, open burning;GLO;-0.000668777328610643;kilogram;con38
47ad36cc8a9c6cdd34479154a15bce95;treatment of waste glass, open burning;GLO;-0.0897695128049834;kilogram;con38
480da252f3eecf0e3bb2df78c4c98b1e;treatment of waste polyethylene, open burning;GLO;-0.0216911062443454;kilogram;con38
483e93dace6c0092b1ec7ed61d4a14f0;treatment of waste polystyrene, open burning;GLO;-0.0330013176794512;kilogram;con38
4922d7f6dcb21fd6cce4fe4b0bc34d1e;treatment of waste polyethylene terephthalate, open burning;GLO;-0.0143533996706812;kilogram;con38
4a554b0c0d4f6bba973fdbc9d7d49d58;treatment of waste polyethylene terephthalate, open burning;GLO;-0.0122605420657861;kilogram;con38
4af0ca352350cd1011463974ba4178e7;treatment of waste packaging paper, open burning;GLO;-0.113764292129076;kilogram;con38
4c24806a110baf07af35c0f569f88747;treatment of waste paperboard, open burning;GLO;-0.0122605420657861;kilogram;con38
4c66a96940cc3f7b6c666dc0e035f085;treatment of waste polyethylene, open burning;GLO;-0.0275938418728608;kilogram;con38
4c877d425e3a5ac445e14b95d96cde3a;treatment of waste polyethylene terephthalate, open burning;GLO;-0.0860011568767784;kilogram;con38
4d32673152261df5f9a144d969187db5;treatment of municipal solid waste, open burning;GLO;-0.020547;kilogram;con38
4df4ecec168abe1c0f7527ff8f27574e;treatment of waste wood, untreated, open burning;GLO;-0.0264593941066286;kilogram;con38
4e443d50fdece272b17a03317f4fb5f6;treatment of waste plastic, mixture, open burning;GLO;-0.0104397907139771;kilogram;con38
4e816bdd4b6b17be6c8f7b1f2a7176d0;treatment of waste polypropylene, open burning;GLO;-0.000668777328610643;kilogram;con38
4ea430ab72ff6a45213ac00596f4bf69;treatment of waste polyurethane, open burning;GLO;-0.000565773149803462;kilogram;con38
4eb2eac1474fa6be814190cc7115b7c5;treatment of waste polyurethane, open burning;GLO;-0.000301606625741877;kilogram;con38
4eca92971797ce8823ecf715c0eac594;treatment of municipal solid waste, open burning;GLO;-0.000301607;kilogram;con38
4edb7ce5f52a1209db0634238399b830;treatment of waste glass, open burning;GLO;-0.0135770927668737;kilogram;con38
4ee8850631594661100f7015e86314c8;treatment of waste glass, open burning;GLO;-0.0104397907139771;kilogram;con38
4ef070c03965d1365ba6426fc1af4d36;treatment of waste polyvinylchloride, open burning;GLO;-0.00917395587533919;kilogram;con38
50d8dce400c3b2667dbbadc8662fa1d9;treatment of waste polypropylene, open burning;GLO;-0.0334239090407301;kilogram;con38
526bd060eda493e299f817a35869c9f9;market for waste glass pane in burnable frame;CH;-22222.990147542;kilogram;con38
528f978ffc761c82588b6fc6ae09a7e9;treatment of waste, electrical and electronic cables, open burning;GH;-0.1;kilogram;con38
528f978ffc761c82588b6fc6ae09a7e9;treatment of waste, electrical and electronic cables, open burning;RoW;-0.9;kilogram;con38
52ac9a7abcaa33d45f553f5ff066388a;treatment of waste packaging paper, open burning;GLO;-0.000111927049697239;kilogram;con38
52d38fc183e69a9c371ea932f17dd18e;treatment of waste polyethylene, open burning;GLO;-0.0634286239725263;kilogram;con38
5328882237c3505b8646e4034078f17b;treatment of waste packaging paper, open burning;GLO;-0.000668777328610643;kilogram;con38
53b3ca7cfef4d80394bbf177f4c97450;treatment of waste polystyrene, open burning;GLO;-0.0122605420657861;kilogram;con38
53c430e0207dc2ce6945ba0b8c4c58dd;treatment of waste polyethylene terephthalate, open burning;GLO;-0.000182090137116258;kilogram;con38
55ddfed0ad037c59657310c527abc939;treatment of waste glass, open burning;GLO;-0.0278904162073016;kilogram;con38
58a05c47c0c3bd3b69b7005aeb1cd290;treatment of waste paperboard, open burning;GLO;-0.284307580310206;kilogram;con38
58a862eadaa3aa5f8306e1b36f1afb48;treatment of waste polystyrene, open burning;GLO;-0.0264593941066286;kilogram;con38
591f64fd9d0f0e85ce59bcd88209cd2a;treatment of waste polyvinylchloride, open burning;GLO;-0.0122605420657861;kilogram;con38
592095e272e2b52bd5a856fddeaecae7;treatment of waste polypropylene, open burning;GLO;-0.0634286239725263;kilogram;con38
594bc24b9571d3e4b94a7803ed1346fc;treatment of waste packaging paper, open burning;GLO;-0.00417186912852553;kilogram;con38
598c57fa836cd0434532920bbc30830a;treatment of waste plastic, mixture, open burning;GLO;-0.0634286239725263;kilogram;con38
5993e8326986a35d1d70a4fd47d71d7f;treatment of waste polystyrene, open burning;GLO;-0.19020481996282;kilogram;con38
59ce85e89dc4b3503c876a264bebb424;treatment of waste polyvinylchloride, open burning;GLO;-0.00260975115734594;kilogram;con38
5a319380059dcdf07e9b1d272dbdebe3;treatment of municipal solid waste, open burning;GLO;-0.0216911;kilogram;con38
5b141c2d453c0677406b45f7f28c86ae;treatment of waste polyethylene terephthalate, open burning;GLO;-0.0278904162073016;kilogram;con38
5b6d1e8aa338f4a557c1cbc38393fc0f;treatment of waste paperboard, open burning;GLO;-0.00917395587533919;kilogram;con38
5c0a4caf92480f5a479c9e0e0a5e5d1f;treatment of waste wood, untreated, open burning;GLO;-0.0216911062443454;kilogram;con38
5c3654f9c43b29e1047c7d7ede06078e;treatment of municipal solid waste, open burning;GLO;-0.0278904;kilogram;con38
5c4923e0173d7dc123a6007298cef7d3;market for waste glass pane in burnable frame;CH;-3.88062502563226e-09;kilogram;con38
5c4923e0173d7dc123a6007298cef7d3;market for waste glass pane in burnable frame;RoW;-4.57171719698393e-07;kilogram;con38
5c65a7472dcae9be9b8755b092a603a9;treatment of waste packaging paper, open burning;GLO;-0.0135770927668737;kilogram;con38
5ceb93deee87923a32ad7f2b8339d85a;treatment of waste packaging paper, open burning;GLO;-0.0334239090407301;kilogram;con38
5d141ba56aa8a61df4a1b31ca312b3bd;treatment of waste packaging paper, open burning;GLO;-0.0818907401750149;kilogram;con38
5d6c1d45daac17d733d787e86cb2f731;treatment of waste polystyrene, open burning;GLO;-0.0871242405735605;kilogram;con38
5dc9395ee17766ef1e1944f2d24ec1c9;market for waste glass pane in burnable frame;RoW;-22222.990147542;kilogram;con38
5de77cadb731c9238655f58d08f6377c;treatment of waste polyethylene terephthalate, open burning;GLO;-0.0107372908969953;kilogram;con38
5e02c99dba5d28f2e69c428866a8b646;treatment of waste polystyrene, open burning;GLO;-0.000565773149803462;kilogram;con38
5e3b998c0ce7a992e848c70dda258da1;treatment of waste polypropylene, open burning;GLO;-0.000111927049697239;kilogram;con38
5efc8a9f8a6ca26346671c691ca0a97f;treatment of waste graphical paper, open burning;GLO;-0.0624725160068898;kilogram;con38
5ff796faf183c7ca466f6103cfff431c;treatment of waste wood, untreated, open burning;GLO;-0.00917395587533919;kilogram;con38
60167a534443b4d9e1919601c6637582;treatment of waste polystyrene, open burning;GLO;-0.00260975115734594;kilogram;con38
6092dc5312f34a6974f7a72c910cb07e;treatment of waste polyethylene terephthalate, open burning;GLO;-0.0291927726473145;kilogram;con38
612b4aa4817b4682d4fa2e6954e43c29;treatment of waste graphical paper, open burning;GLO;-0.0122605420657861;kilogram;con38
617aa938cd45e3be2983b7d5e8147d7a;treatment of waste packaging paper, open burning;GLO;-0.0278904162073016;kilogram;con38
61935d530948e779c21aef331f8f0111;treatment of waste polyurethane, open burning;GLO;-0.0634286239725263;kilogram;con38
61da7e04e7da021f463f9381cf5f3e2b;treatment of waste polyethylene terephthalate, open burning;GLO;-0.0203629272318968;kilogram;con38
61fa5f753686ef85ea7e387befcc476c;treatment of waste packaging paper, open burning;GLO;-0.0264593941066286;kilogram;con38
620308f44ef235e8ada296a4ece099c7;treatment of waste polystyrene, open burning;GLO;-0.015265724881001;kilogram;con38
6280b059d356288cbf9ed096003da4f2;treatment of waste polyvinylchloride, open burning;GLO;-0.0135770927668737;kilogram;con38
62d54b0a38de52cf87ef8b9b647a153b;treatment of municipal solid waste, open burning;GLO;-0.000174344;kilogram;con38
62e539d092664dcb15d5b2565a2ee47d;treatment of waste polyvinylchloride, open burning;GLO;-0.0334239090407301;kilogram;con38
62eb622134d39b4e05f21e747e0e1ad3;treatment of waste polypropylene, open burning;GLO;-6.36128446588608e-05;kilogram;con38
635c3d7412e52906505e69997d12c42e;treatment of waste graphical paper, open burning;GLO;-0.000182090137116258;kilogram;con38
6422a0cfc3dbd493effc6c8ed901056e;treatment of waste plastic, mixture, open burning;GLO;-0.000111927049697239;kilogram;con38
64f7d7db217b29387a921ccba91133cf;treatment of waste polyethylene terephthalate, open burning;GLO;-0.00017434433461976;kilogram;con38
660570e55053c24c0e774e519b933a61;treatment of waste polyurethane, open burning;GLO;-0.0589997881455436;kilogram;con38
665a0202e5b66237ad3226966f7f89ef;treatment of municipal solid waste, open burning;GLO;-6.36128e-05;kilogram;con38
67b60c7292409ca5adffbba98717ca58;treatment of waste polyurethane, open burning;GLO;-0.0974434868744583;kilogram;con38
68431dc84cc9463b8dee5e3bcf7bd26c;treatment of waste polypropylene, open burning;GLO;-0.000986035967648575;kilogram;con38
68c28a8dac97cd49d13099887c829b6f;treatment of waste wood, untreated, open burning;GLO;-0.0487658869735807;kilogram;con38
68d428e092d70026bd92b1679552b10b;treatment of waste packaging paper, open burning;GLO;-0.000526841223095166;kilogram;con38
694e5f160b6d7175d89b3dbc5c47e836;treatment of waste graphical paper, open burning;GLO;-0.00417186912852553;kilogram;con38
6aaa5ff5a6ac865647f15534aab40dc0;treatment of waste polyurethane, open burning;GLO;-0.0275938418728608;kilogram;con38
6ac9702086ed3de438e9b01675304693;treatment of waste plastic, mixture, open burning;GLO;-0.0291927726473145;kilogram;con38
6afc5b7395d7326b9c13625a04390699;treatment of waste glass, open burning;GLO;-0.0143533996706812;kilogram;con38
6afd8fee5462d3e4b7c68404c45f3e95;treatment of waste glass, open burning;GLO;-0.00260975115734594;kilogram;con38
6b1d3639cb350bfcb5c5ac135d0142aa;treatment of waste plastic, mixture, open burning;GLO;-0.0487658869735807;kilogram;con38
6bea4f31f690d4827e93ba9ec0a56b57;treatment of waste wood, untreated, open burning;GLO;-0.0334239090407301;kilogram;con38
6c27d5666eeb26b4575286aee7bc346b;treatment of waste polyethylene terephthalate, open burning;GLO;-0.015265724881001;kilogram;con38
6c3b69f5480ca5c4b5fadc63e99ad179;treatment of waste graphical paper, open burning;GLO;-0.0330013176794512;kilogram;con38
6c52a38d63b230779778b8390814ef86;treatment of waste polystyrene, open burning;GLO;-0.0143533996706812;kilogram;con38
6ca45f7283c54ea3953a1bcb37076ab3;treatment of waste graphical paper, open burning;GLO;-0.000565773149803462;kilogram;con38
6d54b4507e15bd8fd108357c9f5e7435;treatment of waste polyethylene terephthalate, open burning;GLO;-0.0334239090407301;kilogram;con38
6d7c627447c29f199264e11341f30c0e;treatment of waste graphical paper, open burning;GLO;-0.00674378845855387;kilogram;con38
6db58f844160080978213d56375f76a5;treatment of waste polyurethane, open burning;GLO;-0.0216911062443454;kilogram;con38
6de17957151991b33ee31acb1a1c7e03;treatment of municipal solid waste, open burning;GLO;-0.00674379;kilogram;con38
6de821aac8048515f98eecbe97a9b22e;treatment of waste plastic, consumer electronics, open burning;GLO;-7.64073257112798e-09;kilogram;con38
6f27900d75ffc79d8189bd370f479b2f;treatment of waste polyethylene terephthalate, open burning;GLO;-0.000986035967648575;kilogram;con38
6fc90ccba026bd16546760cd59e6ebc0;treatment of waste polyethylene terephthalate, open burning;GLO;-0.0205469906849226;kilogram;con38
70206b7b29379b7d3e514da20a8670f0;treatment of waste paperboard, open burning;GLO;-0.000565773149803462;kilogram;con38
710ae4e4b00ecae15e764123e776e9f6;treatment of waste paperboard, open burning;GLO;-0.113764292129076;kilogram;con38
714b1f0a268b498070d87dfe79d75f3e;treatment of waste polyethylene terephthalate, open burning;GLO;-0.00417186912852553;kilogram;con38
71719a1820c069eac7f6278c7e99654f;treatment of waste packaging paper, open burning;GLO;-0.00369092313422926;kilogram;con38
71c88687133eb943594121243070ec4b;treatment of municipal solid waste, open burning;GLO;-0.0275938;kilogram;con38
728746e718bbda4d5f63a06312a1a0fb;treatment of waste paperboard, open burning;GLO;-0.0860011568767784;kilogram;con38
7297e8ca63869a698e793b9a09a446bf;treatment of waste paperboard, open burning;GLO;-0.0143533996706812;kilogram;con38
73987f8127a700ffbdc691b82a065f40;treatment of waste packaging paper, open burning;GLO;-0.0409099500836998;kilogram;con38
73d6812f72b83c3ff2766ecae91a58be;treatment of waste polypropylene, open burning;GLO;-0.00260975115734594;kilogram;con38
73ee6bc8ffd29133a48eab8b467f3f4f;treatment of waste polyvinylchloride, open burning;GLO;-0.00966043946660359;kilogram;con38
743da0da7f12d5799da02f226b98eee3;treatment of waste polyvinylchloride, open burning;GLO;-0.0871242405735605;kilogram;con38
749ff36a068633653bda43098616e21d;treatment of waste polyethylene terephthalate, open burning;GLO;-0.0624725160068898;kilogram;con38
75cbabdabb693f7c3d8831ae756a4f0c;treatment of waste graphical paper, open burning;GLO;-0.113764292129076;kilogram;con38
76d73dd421ee56aba078d341b306f3e3;treatment of waste plastic, mixture, open burning;GLO;-0.000565773149803462;kilogram;con38
770455a31b2744dd8d8f2a932f4eb61d;treatment of waste polyurethane, open burning;GLO;-0.015265724881001;kilogram;con38
774d693c975642d0d77a131a7cedf025;treatment of waste polyvinylchloride, open burning;GLO;-0.0330013176794512;kilogram;con38
7786440d93507bed98eb0e185f046918;treatment of waste polypropylene, open burning;GLO;-0.000565773149803462;kilogram;con38
77f3f96ab7fffe3dad9a30814bdc0aaa;treatment of waste polyethylene, open burning;GLO;-0.0291927726473145;kilogram;con38
78a9a52e13f5bb6a038bf38db1959654;treatment of waste packaging paper, open burning;GLO;-0.0860011568767784;kilogram;con38
79c9ab2b19d934b85a6d9590c74ad367;treatment of waste plastic, mixture, open burning;GLO;-0.0589997881455436;kilogram;con38
7a2edaff4ae12cefee3a13a339ca2ff7;treatment of waste graphical paper, open burning;GLO;-0.0897695128049834;kilogram;con38
7b98b6acb905a44c2fa0275534937bb6;treatment of waste polypropylene, open burning;GLO;-0.0291927726473145;kilogram;con38
7c6a2eb8427e7aa11d9ec43d3acf493a;treatment of waste graphical paper, open burning;GLO;-0.0334239090407301;kilogram;con38
7c6dae9dc891615fc679176897057e15;treatment of waste glass, open burning;GLO;-0.0150317896138671;kilogram;con38
7c90715f8c05c924e4310b6edd29ca19;treatment of waste glass, open burning;GLO;-0.0487658869735807;kilogram;con38
7ca0a513067d25df3b73e6782f01e767;treatment of waste polyurethane, open burning;GLO;-0.0205469906849226;kilogram;con38
7d3c18fa052161fc9b2cdef7d5102ade;treatment of waste graphical paper, open burning;GLO;-0.284307580310206;kilogram;con38
7dac5d174a93af444b58f0e554e20efb;treatment of waste polystyrene, open burning;GLO;-0.0634286239725263;kilogram;con38
7dd1d6d142ba8eb2bc5fd9477feadbbe;treatment of waste paperboard, open burning;GLO;-0.0487658869735807;kilogram;con38
7dff81f6a1ebc437192e98efd73ac190;treatment of waste polypropylene, open burning;GLO;-0.000182090137116258;kilogram;con38
7e03d2ed45fd6475dd3b63a2b9ea8663;treatment of waste polystyrene, open burning;GLO;-0.0275938418728608;kilogram;con38
7e30c57dc64417ec89568e60db8473f2;treatment of waste plastic, mixture, open burning;GLO;-0.19020481996282;kilogram;con38
7e35c386e7b9a0ba3d5b351b74332274;treatment of waste polypropylene, open burning;GLO;-0.0275938418728608;kilogram;con38
7f064e8f75ff0f482a26ed0eac890bdc;treatment of waste glass, open burning;GLO;-6.36128446588608e-05;kilogram;con38
7f60123a0c01d13a2166b4eb0524ccc6;market for waste glass pane in burnable frame;CH;-29262.5424132716;kilogram;con38
7f6528c1d050689e903bceec4407b70d;treatment of waste polyvinylchloride, open burning;GLO;-0.00674378845855387;kilogram;con38
808c06fcfc95a74077f0fdbd49f1e656;treatment of waste graphical paper, open burning;GLO;-0.0135770927668737;kilogram;con38
80985e33a932ef99740204dca9add35e;treatment of waste paperboard, open burning;GLO;-0.015265724881001;kilogram;con38
827443524c69a8804ad52c07e1f4a10d;treatment of waste polystyrene, open burning;GLO;-0.000526841223095166;kilogram;con38
82d9fecd8a4c74e3900585fce9d28341;treatment of waste polyvinylchloride, open burning;GLO;-0.113764292129076;kilogram;con38
832807f1f95929a20b18c4db9bb7d3aa;treatment of waste glass, open burning;GLO;-0.0624725160068898;kilogram;con38
83a0082def18f03307f7a608471836b2;treatment of waste polystyrene, open burning;GLO;-0.0205469906849226;kilogram;con38
86a77cb1be1e51f41021c6f6fa18ca24;treatment of waste polyethylene terephthalate, open burning;GLO;-0.0104397907139771;kilogram;con38
86eafcaa599800721fc81608e61f8d7a;treatment of waste polyvinylchloride, open burning;GLO;-0.000182090137116258;kilogram;con38
86f1554ee6b2b93ff849904564d2bf2a;treatment of waste polyurethane, open burning;GLO;-0.0409099500836998;kilogram;con38
87072bc02e6aad3364a5b9a9a7d1643e;treatment of waste polyethylene, open burning;GLO;-0.0264593941066286;kilogram;con38
87504aa11d793b733d069a180aa61479;treatment of waste polystyrene, open burning;GLO;-0.0487658869735807;kilogram;con38
8999a640dc39be171eb9d7f6fa346bb7;treatment of waste polystyrene, open burning;GLO;-0.000182090137116258;kilogram;con38
89c2714985f998c37bf478defa988f3f;treatment of waste polyethylene terephthalate, open burning;GLO;-0.0135770927668737;kilogram;con38
8a4fcad5015915facb1c0f3c402a0288;market for waste glass pane in burnable frame;RoW;-29262.5424132716;kilogram;con38
8b2a3e3a8ce3b9d86456bc0b7a775bff;treatment of waste polyvinylchloride, open burning;GLO;-0.0203629272318968;kilogram;con38
8b950683b48695f9a702d7ddb25635e8;treatment of waste polystyrene, open burning;GLO;-0.00017434433461976;kilogram;con38
8c614ed8eed1056063ec4181f142c1fd;treatment of municipal solid waste, open burning;GLO;-0.000111927;kilogram;con38
8c9fdbc121b48ab2903492b8a43d775d;treatment of waste polystyrene, open burning;GLO;-6.36128446588608e-05;kilogram;con38
8cc601a02665dcb8b88c4909c15a2af8;treatment of waste plastic, mixture, open burning;GLO;-0.00017434433461976;kilogram;con38
8cf4b57fe45d9943c823db8f621e0656;treatment of waste polyethylene, open burning;GLO;-0.0205469906849226;kilogram;con38
8d2ef2cdd3e3ddb4be78e3606e3a9fa3;treatment of waste polyethylene terephthalate, open burning;GLO;-0.0974434868744583;kilogram;con38
8d31dc495acf057ff8d2bd16e3aec90c;treatment of waste polystyrene, open burning;GLO;-0.000668777328610643;kilogram;con38
8dc9867850a65dd29d0946dd86de2467;treatment of waste polyvinylchloride, open burning;GLO;-0.0143533996706812;kilogram;con38
8e678a9fccc219bbc95573f6184ef17b;treatment of waste polyvinylchloride, open burning;GLO;-0.00369092313422926;kilogram;con38
8efd00497eaaea641288e38abeea3f04;treatment of waste paperboard, open burning;GLO;-0.0150317896138671;kilogram;con38
8f26c8a6997068b719e0521290d9ab91;treatment of waste graphical paper, open burning;GLO;-0.0860011568767784;kilogram;con38
8f41b0927c66df56f7ca56332c6b9fc1;treatment of waste polypropylene, open burning;GLO;-0.0143533996706812;kilogram;con38
8f6599a41ab1ef4f0fcb8aeb8441c4e8;treatment of waste plastic, mixture, open burning;GLO;-0.000668777328610643;kilogram;con38
8fa048bcb8052715956cd4fe5669f9e1;treatment of municipal solid waste, open burning;GLO;-0.0143534;kilogram;con38
8fd1de113eeb557a4c4b16423b867de3;treatment of waste graphical paper, open burning;GLO;-0.0409099500836998;kilogram;con38
8fef84f2613f176a8f6f11573bc5bded;treatment of waste wood, untreated, open burning;GLO;-0.0107372908969953;kilogram;con38
8ffd2998245886111a787bd1384ce166;market for waste glass pane in burnable frame;CH;-3.3492925037853e-09;kilogram;con38
8ffd2998245886111a787bd1384ce166;market for waste glass pane in burnable frame;RoW;-3.94576080815484e-07;kilogram;con38
90c00488cde4ada27cd305c6a1d09ead;treatment of waste polypropylene, open burning;GLO;-0.00917395587533919;kilogram;con38
911838753a36f987f6500195c85a8ed7;treatment of waste graphical paper, open burning;GLO;-0.0634286239725263;kilogram;con38
911e9ddc31cf751ab9ae9462d89f664e;treatment of waste graphical paper, open burning;GLO;-0.000111927049697239;kilogram;con38
91fce781388976d6af29d51e1ded4b1b;treatment of waste paperboard, open burning;GLO;-0.000301606625741877;kilogram;con38
9249e11194c3970ba7d7a8aac3bc780b;treatment of waste packaging paper, open burning;GLO;-0.00966043946660359;kilogram;con38
9403a0655e372d651d887ff1df6bce81;treatment of waste polystyrene, open burning;GLO;-0.00674378845855387;kilogram;con38
94839c73bbf6688e33bfc8bd9dfa48b5;treatment of waste glass, open burning;GLO;-0.00417186912852553;kilogram;con38
948905e54dce7a79ae785f26d0e76a42;treatment of waste polyethylene terephthalate, open burning;GLO;-0.19020481996282;kilogram;con38
949052433c670e7628a4d985275e8c12;market for waste glass pane in burnable frame;RoW;-29262.5424132716;kilogram;con38
950055d53623a209ba98830c7825f32e;treatment of waste polypropylene, open burning;GLO;-0.0107372908969953;kilogram;con38
959a3e724107e1757d540e21044ec3c1;treatment of waste glass, open burning;GLO;-0.00369092313422926;kilogram;con38
959e7afe8a02089ce9755426c8ab89a9;treatment of waste paperboard, open burning;GLO;-0.0275938418728608;kilogram;con38
98108cfcf17901c75410c00c29514eaf;treatment of waste plastic, mixture, open burning;GLO;-0.00917395587533919;kilogram;con38
99c3b5584a7eaeae10ab4654d2ab4aa1;treatment of waste paperboard, open burning;GLO;-0.0334239090407301;kilogram;con38
9a21c3612a8317596405dd7e392a2437;treatment of waste wood, untreated, open burning;GLO;-0.0150317896138671;kilogram;con38
9a3f712ba46488dffe58d61e6779b576;treatment of waste polyurethane, open burning;GLO;-0.0487658869735807;kilogram;con38
9a6dd4d7efdd5877e1861fbe50ec7df2;treatment of waste wood, untreated, open burning;GLO;-0.0278904162073016;kilogram;con38
9ae3ca476bca08084396df6a50d59c48;treatment of waste glass, open burning;GLO;-0.000301606625741877;kilogram;con38
9c079dc127a8df4655990eab2aae7133;treatment of waste plastic, mixture, open burning;GLO;-0.00966043946660359;kilogram;con38
9d471566e0ec70a92963fa1ea4ed4ced;treatment of waste graphical paper, open burning;GLO;-0.00966043946660359;kilogram;con38
9de6a5a7d4d9dc9898ca24692ab90931;market for waste glass pane in burnable frame;RoW;-323.0;kilogram;con38
9e96393ad0b4ba1805b6de3f359db3b9;treatment of waste paperboard, open burning;GLO;-0.00417186912852553;kilogram;con38
9ec1c905094f4e9ddfbedae4ee8aa80c;treatment of waste polyethylene terephthalate, open burning;GLO;-0.00674378845855387;kilogram;con38
9f16b29423548e3ffaceeb0d4f4b736e;treatment of waste polypropylene, open burning;GLO;-0.00017434433461976;kilogram;con38
9f3c87a260eb6e44c95d099dfe33e302;treatment of waste polyvinylchloride, open burning;GLO;-6.36128446588608e-05;kilogram;con38
9f9755ba996aeb352d3631525399a363;treatment of waste polystyrene, open burning;GLO;-0.0409099500836998;kilogram;con38
9fe524444a45b76b25901fe5bddbaddc;treatment of waste wood, untreated, open burning;GLO;-0.284307580310206;kilogram;con38
a06b9066818ea668bf94b1bee6e252a9;treatment of waste polyvinylchloride, open burning;GLO;-0.000565773149803462;kilogram;con38
a07a0975a7a010c868f7a45344e280e6;treatment of waste polystyrene, open burning;GLO;-0.0278904162073016;kilogram;con38
a14a2d59073ad36a529c222230c3c856;treatment of waste polyurethane, open burning;GLO;-0.00369092313422926;kilogram;con38
a16451f7f6abae0793d408e6e155c843;treatment of waste wood, untreated, open burning;GLO;-0.000301606625741877;kilogram;con38
a1b1db5a60248cae666fd1f096a1b4aa;treatment of waste polyvinylchloride, open burning;GLO;-0.0860011568767784;kilogram;con38
a1e9a8a0f36d56c41c0510562b2418ad;treatment of waste polyvinylchloride, open burning;GLO;-0.000668777328610643;kilogram;con38
a2038175964e64937bad73d43d134136;treatment of waste polyurethane, open burning;GLO;-0.000182090137116258;kilogram;con38
a2a1b4706af52962b7e09f3d05d6fa50;treatment of waste packaging paper, open burning;GLO;-0.19020481996282;kilogram;con38
a2a322d50a90a2d3b603bd58362495c3;treatment of waste glass, open burning;GLO;-0.00917395587533919;kilogram;con38
a3057022dc76c10726a1b997f22fe8b0;treatment of municipal solid waste, open burning;GLO;-0.143757842420425;kilogram;con38
a30be02c681397cb5385e91a83390e41;treatment of municipal solid waste, open burning;GLO;-0.00260975;kilogram;con38
a328cb98222f86b7f75cf3e953eea95e;treatment of waste graphical paper, open burning;GLO;-0.0275938418728608;kilogram;con38
a373bb4f9a56f74a36abdcd1d4d4c58d;treatment of municipal solid waste, open burning;GLO;-0.0150318;kilogram;con38
a4297a130b948d44595a4bb4272957b5;treatment of waste plastic, mixture, open burning;GLO;-0.000986035967648575;kilogram;con38
a4cf5b9a7e703d9649712feeb54174d7;treatment of waste polyvinylchloride, open burning;GLO;-0.0104397907139771;kilogram;con38
a513f349a993b6271e52f969a807b54f;treatment of waste polyethylene terephthalate, open burning;GLO;-0.0589997881455436;kilogram;con38
a521755d4eac2fb2ba62be4af1fac3af;treatment of waste wood, untreated, open burning;GLO;-0.0135770927668737;kilogram;con38
a52fcf07a53d1cc8323350bf6bf262f1;treatment of waste packaging paper, open burning;GLO;-0.0589997881455436;kilogram;con38
a57e81284a7f3f431e0a3e4ebba6bb0e;treatment of waste glass, open burning;GLO;-0.113764292129076;kilogram;con38
a5b337a0e92c4f5cad52b887fd04e42e;treatment of waste polyvinylchloride, open burning;GLO;-0.0487658869735807;kilogram;con38
a5e614906c8020fe747e1c5b13607a7c;treatment of waste wood, untreated, open burning;GLO;-0.000565773149803462;kilogram;con38
a74b67367b5f4c468d0f4ca38ce4a43d;treatment of waste plastic, mixture, open burning;GLO;-0.0974434868744583;kilogram;con38
a771741605d354f322d67aa1300a4fef;treatment of waste polyethylene, open burning;GLO;-0.000111927049697239;kilogram;con38
a7d4bed7a367bcb1a2613e9a5e366a69;treatment of waste polypropylene, open burning;GLO;-0.0122605420657861;kilogram;con38
a89f50d63288b1fa0f08e8954f263c72;treatment of waste paperboard, open burning;GLO;-0.0409099500836998;kilogram;con38
a8d53654ec61fad5bb3fc1d0d62eb82c;treatment of waste polyethylene, open burning;GLO;-0.0203629272318968;kilogram;con38
a8e323b9509449b89c9ccd971aecac0e;treatment of waste polystyrene, open burning;GLO;-0.0589997881455436;kilogram;con38
a96e66bebf63e3b5691d7420978ea3e6;market for waste glass pane in burnable frame;RoW;-21909.8452448362;kilogram;con38
a98bd8edab9c8a92e3a14df35aecb17e;treatment of waste polyurethane, open burning;GLO;-0.00917395587533919;kilogram;con38
aa1de6c6603635400c5614c8e9acd3eb;treatment of waste wood, untreated, open burning;GLO;-0.0634286239725263;kilogram;con38
aa2d93ff1e9e791470fdc42edf369c52;treatment of waste packaging paper, open burning;GLO;-0.000182090137116258;kilogram;con38
aa53a42c2477a16b72ac7ab4b90b9db2;treatment of waste polyethylene terephthalate, open burning;GLO;-0.000301606625741877;kilogram;con38
aa68ae585a2c28791bbe02b95ab013be;treatment of waste glass, open burning;GLO;-0.015265724881001;kilogram;con38
aa75865edc74d623f8393dad2fe38fd8;treatment of waste wood, untreated, open burning;GLO;-0.19020481996282;kilogram;con38
aaf1b2378b871d09456da7371ccd7b47;treatment of waste glass, open burning;GLO;-0.000111927049697239;kilogram;con38
ab6d07017bfed891422cc45197aa3d7e;treatment of waste polyvinylchloride, open burning;GLO;-0.0409099500836998;kilogram;con38
ab9fa20427da1ca5a61bb1ed8d165e17;treatment of waste glass, open burning;GLO;-0.00017434433461976;kilogram;con38
abb3ceedaae5379955cc2fd2306fd820;treatment of waste packaging paper, open burning;GLO;-0.00917395587533919;kilogram;con38
ac655caf336c6cc5df46eec5ac5ceb7e;treatment of waste plastic, mixture, open burning;GLO;-0.0107372908969953;kilogram;con38
acbe9fd22694a14c016b53938bbbe5ff;treatment of waste polyethylene terephthalate, open burning;GLO;-0.000668777328610643;kilogram;con38
ace5323f16b189a40b41771f8ef0dd92;treatment of waste packaging paper, open burning;GLO;-0.0275938418728608;kilogram;con38
ad0446061ac2bf5f1cff99fade9bd228;treatment of waste polystyrene, open burning;GLO;-0.0216911062443454;kilogram;con38
adc322f41229795fdba2ef588758a01a;treatment of waste polyethylene terephthalate, open burning;GLO;-0.0409099500836998;kilogram;con38
af0248c644886d8a1498f66018062cc3;treatment of waste paperboard, open burning;GLO;-0.0203629272318968;kilogram;con38
af6aed56657c333de2ba9d131380bf0a;treatment of waste polypropylene, open burning;GLO;-0.00966043946660359;kilogram;con38
afa22e0749aba2fbb62b5b5e6d178b29;treatment of waste polystyrene, open burning;GLO;-0.00417186912852553;kilogram;con38
afcc8f407090635d6dbd496f63d8e4e8;treatment of waste plastic, mixture, open burning;GLO;-0.00417186912852553;kilogram;con38
b0730bda5c408d6cf3d11587964c002f;treatment of waste wood, untreated, open burning;GLO;-0.0205469906849226;kilogram;con38
b077e556d2ba00efbccb722b39fd902f;treatment of waste polyethylene terephthalate, open burning;GLO;-0.0275938418728608;kilogram;con38
b109c7f344f18da0247202bd0b7b30f4;treatment of waste polyethylene, open burning;GLO;-0.000182090137116258;kilogram;con38
b166007fed12e3405df14826841c0fcd;treatment of waste graphical paper, open burning;GLO;-0.00917395587533919;kilogram;con38
b27a77a02ef2c6a4d4beb5d4216b8a5c;treatment of waste polyurethane, open burning;GLO;-6.36128446588608e-05;kilogram;con38
b3329d0384bb091c4904b4ae1c68b4e6;treatment of waste polyvinylchloride, open burning;GLO;-0.000526841223095166;kilogram;con38
b34e7791237e96d7083f77fe64461876;treatment of waste plastic, mixture, open burning;GLO;-0.0216911062443454;kilogram;con38
b3ad449b1504f27fea1ab5890f63a4e7;treatment of waste wood, untreated, open burning;GLO;-0.000182090137116258;kilogram;con38
b438a56c5784518c560dde7e8adb826a;treatment of waste polyurethane, open burning;GLO;-0.00674378845855387;kilogram;con38
b4eaa60c93605aa696a587a598f98027;treatment of waste polyvinylchloride, open burning;GLO;-0.0897695128049834;kilogram;con38
b4fb1406eeba40bf3aed1c6c4736335c;treatment of waste polyethylene, open burning;GLO;-0.0871242405735605;kilogram;con38
b51bcf6ebcdb845d11809c7de1019b17;treatment of waste graphical paper, open burning;GLO;-0.015265724881001;kilogram;con38
b5af6c3d92677ae6dc78868011289da9;treatment of waste polypropylene, open burning;GLO;-0.0624725160068898;kilogram;con38
b613656aca7e343a3cb98abe65ea2156;treatment of waste glass, open burning;GLO;-0.0205469906849226;kilogram;con38
b68be3dcb8f9ca95147aac745d369f24;treatment of waste plastic, mixture, open burning;GLO;-0.113764292129076;kilogram;con38
b87bd46a007ecf73c1ff98006bdf51a7;treatment of waste polystyrene, open burning;GLO;-0.0974434868744582;kilogram;con38
b89912a1ec803db3f5976f985b5ac80b;treatment of waste packaging paper, open burning;GLO;-0.0203629272318968;kilogram;con38
b9383617de1c44de69b36477cbb40e1f;treatment of waste wood, untreated, open burning;GLO;-0.0122605420657861;kilogram;con38
b9ed5142db6c1753ae3eaf8cbc11bb52;market for waste glass pane in burnable frame;CH;-3.17505683915366e-09;kilogram;con38
b9ed5142db6c1753ae3eaf8cbc11bb52;market for waste glass pane in burnable frame;RoW;-3.74049588844139e-07;kilogram;con38
ba5067517c1b5f39928783f9d6581c01;treatment of waste paperboard, open burning;GLO;-0.000111927049697239;kilogram;con38
ba80bef93239c4b3133a7bdb626b8642;treatment of waste polyethylene, open burning;GLO;-0.0330013176794512;kilogram;con38
bb53575fa63dcbf81cc7261cf65a6a18;treatment of waste polyurethane, open burning;GLO;-0.0135770927668737;kilogram;con38
bc108bcd75c950dbbacd5d690cee124f;treatment of waste polystyrene, open burning;GLO;-0.0624725160068898;kilogram;con38
bc4ddcf5d9fa87b6d66632a77a1619cc;treatment of waste polypropylene, open burning;GLO;-0.19020481996282;kilogram;con38
bd37372321bd308e9425c958a03a8218;treatment of waste polyvinylchloride, open burning;GLO;-0.000301606625741877;kilogram;con38
bd57b58705c172592312dac96d2cda26;treatment of waste polyurethane, open burning;GLO;-0.113764292129076;kilogram;con38
bd8444733c176f93997083a033018276;treatment of waste polyethylene terephthalate, open burning;GLO;-0.0330013176794512;kilogram;con38
bdda17eed076f3e0b81f5e0a87375315;treatment of waste glass, open burning;GLO;-0.19020481996282;kilogram;con38
beec433262c49c3bb0aa01807f37af62;treatment of waste graphical paper, open burning;GLO;-0.00369092313422926;kilogram;con38
bf6e6fa123c2a6cce3827969b1b70c63;treatment of waste polyurethane, open burning;GLO;-0.284307580310206;kilogram;con38
bfed35ce35f1dee5b50272ed476bc516;treatment of waste polypropylene, open burning;GLO;-0.0330013176794512;kilogram;con38
bff4b10fed4fd63b3c863c028dd90d48;treatment of waste paperboard, open burning;GLO;-0.0264593941066286;kilogram;con38
c0cf3451b94e6d61f07a2de92c0db240;treatment of waste polypropylene, open burning;GLO;-0.0897695128049834;kilogram;con38
c0d0b85e791658f4348f6a310b55d4fc;treatment of waste wood, untreated, open burning;GLO;-0.0897695128049834;kilogram;con38
c0d67477e66a48cab52ff61e143993ea;treatment of waste packaging paper, open burning;GLO;-0.0871242405735605;kilogram;con38
c0ed57740126b5339af5dfcadfd8a9c4;treatment of waste wood, untreated, open burning;GLO;-6.36128446588608e-05;kilogram;con38
c1acf9e2b3f1b0306fd9fbe9630c8a8d;treatment of waste plastic, mixture, open burning;GLO;-0.0143533996706812;kilogram;con38
c1d23f7f32b8edbe3496bd69a9970154;treatment of waste paperboard, open burning;GLO;-0.00369092313422926;kilogram;con38
c272199d39fb028bcf4a12bc01acc60a;treatment of waste packaging paper, open burning;GLO;-6.36128446588608e-05;kilogram;con38
c335f196cb25ce5244d6df134139055f;treatment of waste polystyrene, open burning;GLO;-0.113764292129076;kilogram;con38
c33c8b5d47368341526224aa18c95c09;treatment of waste graphical paper, open burning;GLO;-0.0871242405735605;kilogram;con38
c376d61729125d2ba476d95a61151d8f;market for waste glass pane in burnable frame;CH;-323.0;kilogram;con38
c38aaaf3c54903ae99304967f92a5edf;treatment of municipal solid waste, open burning;GLO;-0.0860012;kilogram;con38
c3a6341af200d10c8786547c29c51e6a;treatment of waste plastic, mixture, open burning;GLO;-0.0871242405735605;kilogram;con38
c3ad5b24591ceb8b000d84f6fd60faf3;treatment of waste polystyrene, open burning;GLO;-0.284307580310206;kilogram;con38
c3fe05a88a1b201a8eed369b9013aaa1;treatment of waste polypropylene, open burning;GLO;-0.0278904162073016;kilogram;con38
c4205de56aaa1ddb6a6c4dbcc03d5774;treatment of waste paperboard, open burning;GLO;-0.000986035967648575;kilogram;con38
c4bf65ee4ed527a87e89617523127915;treatment of waste polyethylene, open burning;GLO;-6.36128446588608e-05;kilogram;con38
c50ce2e2e4c69868abe70baa3c18a8dc;treatment of municipal solid waste, open burning;GLO;-0.0264594;kilogram;con38
c5398df37b51582bc51ba3428fa24949;treatment of waste paperboard, open burning;GLO;-0.00017434433461976;kilogram;con38
c5f412700cc6e631ea979717c674c925;treatment of waste polystyrene, open burning;GLO;-0.000111927049697239;kilogram;con38
c65bfe441f9478ef4633b62c755abf23;treatment of waste graphical paper, open burning;GLO;-0.0487658869735807;kilogram;con38
c69a92c6113efb97770bcd660e53bf97;market for waste glass pane in burnable frame;RoW;-22222.990147542;kilogram;con38
c6a9498587996030344d04e85808a895;treatment of waste paperboard, open burning;GLO;-0.0107372908969953;kilogram;con38
c9428a2282ad33c8a3ba4c9883403abd;treatment of waste polyethylene terephthalate, open burning;GLO;-6.36128446588608e-05;kilogram;con38
c9a996d87b24acae079e88395e1e8802;treatment of waste polypropylene, open burning;GLO;-0.0264593941066286;kilogram;con38
c9b678e1c77080cbe57d214e4aafd150;treatment of waste packaging paper, open burning;GLO;-0.00260975115734594;kilogram;con38
ca29d9f1deff23ea89a88729d8457668;treatment of waste polyethylene terephthalate, open burning;GLO;-0.00369092313422926;kilogram;con38
cac658423bb54d61df71f8bdb368f232;treatment of waste polyurethane, open burning;GLO;-0.0203629272318968;kilogram;con38
cb299a612f90322acc7ba6b4eb8acdfb;treatment of waste graphical paper, open burning;GLO;-0.0216911062443454;kilogram;con38
cb6b98380b4144af3e4a81aa6b046a71;treatment of waste polyethylene, open burning;GLO;-0.0624725160068898;kilogram;con38
cb8378e878203ddd1e1554f2196ee0e6;treatment of waste packaging paper, open burning;GLO;-0.0624725160068898;kilogram;con38
cc0987f2432e779d6444100765c5e612;treatment of waste paperboard, open burning;GLO;-0.000182090137116258;kilogram;con38
cd5365ad47587dab698d7fc3e37ecabb;treatment of waste polyethylene terephthalate, open burning;GLO;-0.0216911062443454;kilogram;con38
cda1678b76539f9cbe0d1e9abdaf3a6b;treatment of waste polypropylene, open burning;GLO;-0.000526841223095166;kilogram;con38
cdcb3a10adbf7530072a8b7d308a6f98;treatment of waste graphical paper, open burning;GLO;-6.36128446588608e-05;kilogram;con38
cdd819c155967855c8fee0dac723aff0;treatment of waste graphical paper, open burning;GLO;-0.000526841223095166;kilogram;con38
cde8b53d7bb46d01eee5262681425d09;treatment of waste polypropylene, open burning;GLO;-0.0205469906849226;kilogram;con38
ce201a1275562a2e84dbe990bbc4a6ef;treatment of waste graphical paper, open burning;GLO;-0.0264593941066286;kilogram;con38
cec30f83f344769e0ec96eeb8c81c482;treatment of waste paperboard, open burning;GLO;-0.0897695128049834;kilogram;con38
cf0bbde4a62274f9c1f54d91dc95c832;treatment of waste polyethylene, open burning;GLO;-0.0487658869735807;kilogram;con38
d01ccc25e4d1aa13d0f6a65d21a59cc5;treatment of waste polyethylene terephthalate, open burning;GLO;-0.00260975115734594;kilogram;con38
d02b4b77f3e76a5094310621cf5b39c5;treatment of waste wood, untreated, open burning;GLO;-0.0275938418728608;kilogram;con38
d02db1b4063921eca501ae9092487fb4;treatment of waste paperboard, open burning;GLO;-0.000668777328610643;kilogram;con38
d05db95a38b108add994be6435da9db2;treatment of waste packaging paper, open burning;GLO;-0.0122605420657861;kilogram;con38
d0648c9d4354613681dd8ea87caca8cc;treatment of waste polyethylene, open burning;GLO;-0.284307580310206;kilogram;con38
d07da045d80b9d46995822d5b6108717;treatment of municipal solid waste, open burning;GLO;-0.0589998;kilogram;con38
d10290424b5c43c157cd35ed866968b5;treatment of waste packaging paper, open burning;GLO;-0.0107372908969953;kilogram;con38
d108dd7fb2efeb4e31d12075ba369f51;treatment of waste graphical paper, open burning;GLO;-0.19020481996282;kilogram;con38
d113b7161429efc4a09b6533ed6405f0;treatment of waste packaging paper, open burning;GLO;-0.0104397907139771;kilogram;con38
d12a5bea2e04acd98d4e60bdcd64b067;treatment of waste packaging paper, open burning;GLO;-0.000301606625741877;kilogram;con38
d182f4d677023770937112d32fe71e13;treatment of waste polyethylene, open burning;GLO;-0.0150317896138671;kilogram;con38
d1b69ed13fe31dcae009dcdd06d9a8c6;treatment of waste polystyrene, open burning;GLO;-0.00966043946660359;kilogram;con38
d1b7219a18eb88530b20c88f9de5866e;treatment of waste polypropylene, open burning;GLO;-0.113764292129076;kilogram;con38
d1ef066a8b432cae397cfdd326235212;treatment of waste polyethylene terephthalate, open burning;GLO;-0.0634286239725263;kilogram;con38
d2c84765d247206993694b3115f8f9ab;treatment of waste polystyrene, open burning;GLO;-0.000301606625741877;kilogram;con38
d33b4367896aac8849d094d4b94ae621;treatment of municipal solid waste, open burning;GLO;-0.0871242;kilogram;con38
d3dafd53a42c36de95486803390d3d82;treatment of waste polyethylene, open burning;GLO;-0.0135770927668737;kilogram;con38
d44025757e12992aca7dd033ae50a05c;market for waste glass pane in burnable frame;RoW;-21909.8452448362;kilogram;con38
d46d228557790a660f13f7a479f68fdc;treatment of municipal solid waste, open burning;GLO;-0.00966044;kilogram;con38
d495b675aebe0826235835bb022c3178;treatment of waste graphical paper, open burning;GLO;-0.0589997881455436;kilogram;con38
d6b9120d6297f8f6ebe9c71d04413b8f;treatment of waste polypropylene, open burning;GLO;-0.0974434868744582;kilogram;con38
d718b7290bb412838418b2c95725ad22;treatment of waste glass, open burning;GLO;-0.0634286239725263;kilogram;con38
d79b1b98f25be1e7787b1b52f244b5e2;treatment of waste polyethylene terephthalate, open burning;GLO;-0.0150317896138671;kilogram;con38
d801393038f4aff3998bec921dbefc49;treatment of waste wood, untreated, open burning;GLO;-0.00260975115734594;kilogram;con38
d8351de038b5b15ea6c22f56d47a95fb;treatment of waste paperboard, open burning;GLO;-0.0818907401750148;kilogram;con38
d83e6c9ab174c4efa2ef010bc0d02dba;treatment of waste polyurethane, open burning;GLO;-0.19020481996282;kilogram;con38
d86884ad4d2bc1cf2531ac6015c8343b;treatment of waste polypropylene, open burning;GLO;-0.000301606625741877;kilogram;con38
d898f503223b48a90e19165a846fa1e6;treatment of waste polyurethane, open burning;GLO;-0.0871242405735605;kilogram;con38
d9133352beaede64b796ed996179d62d;treatment of municipal solid waste, open burning;GLO;-0.000565773;kilogram;con38
da1fbd104c46bd2f2fb92e95cd394561;treatment of waste polyurethane, open burning;GLO;-0.00417186912852553;kilogram;con38
da393128d6d28a9921cb3ff60b1c9cd4;treatment of waste plastic, mixture, open burning;GLO;-0.0205469906849226;kilogram;con38
dacd254e92e51602fdf63fd72a4591ee;treatment of waste polyvinylchloride, open burning;GLO;-0.00417186912852553;kilogram;con38
dad4755aa8e078f29190ed18eea528f9;treatment of waste polyethylene terephthalate, open burning;GLO;-0.0264593941066286;kilogram;con38
db040f9aa05d96c108a41d6c08429ef4;treatment of waste polystyrene, open burning;GLO;-0.0150317896138671;kilogram;con38
db1d866fcd1d4e2f44b31127981e18a2;treatment of waste graphical paper, open burning;GLO;-0.00017434433461976;kilogram;con38
dbcbc2e23cd3e91195c3c6095addbbda;treatment of municipal solid waste, open burning;GLO;-0.0897695;kilogram;con38
dbf28df9e8d9268374a0df462959d07e;treatment of waste polyurethane, open burning;GLO;-0.000986035967648575;kilogram;con38
dc1c52a65ce220ff0f0221fced398b86;treatment of waste graphical paper, open burning;GLO;-0.0205469906849226;kilogram;con38
dc6f67529861081dc10fa7cbc2f839ec;treatment of waste glass, open burning;GLO;-0.0860011568767784;kilogram;con38
dd83d4e27cf28655afee4e12b802600d;treatment of waste packaging paper, open burning;GLO;-0.0291927726473145;kilogram;con38
ddf2d2c392c4ac64a2e025ffd912ad1a;treatment of waste wood, untreated, open burning;GLO;-0.000111927049697239;kilogram;con38
de44005996790612e5a891751f3bc451;treatment of waste polyurethane, open burning;GLO;-0.00260975115734594;kilogram;con38
df1166318ef7d041009420b7fb98478c;treatment of waste polypropylene, open burning;GLO;-0.00417186912852553;kilogram;con38
df771f0b30892de49a00b7bbd285eadc;treatment of waste packaging paper, open burning;GLO;-0.0216911062443454;kilogram;con38
df9eeb4aa4e84d69f8ad3b6d325a6e7e;treatment of waste graphical paper, open burning;GLO;-0.0107372908969953;kilogram;con38
e03d9ca2e01bd01cde10e84d76801e69;treatment of waste plastic, mixture, open burning;GLO;-0.000526841223095166;kilogram;con38
e06c633f11cbd9dc1c84570b6ee469b2;treatment of waste glass, open burning;GLO;-0.0203629272318968;kilogram;con38
e092de4e4186dbd776db9f47cde723ee;treatment of waste paperboard, open burning;GLO;-0.00966043946660359;kilogram;con38
e098a93cdb4f3012bc5c5cd804352346;treatment of waste plastic, mixture, open burning;GLO;-0.0278904162073016;kilogram;con38
e18bb65ce44ced1c5747787467a4db22;treatment of waste polyvinylchloride, open burning;GLO;-0.0278904162073016;kilogram;con38
e25dd3d9a6686c16e4ebd6fca2a64fd2;treatment of waste polyurethane, open burning;GLO;-0.0107372908969953;kilogram;con38
e2fb779310a16f5bd306aeb5dca7a76e;treatment of waste polyethylene, open burning;GLO;-0.0409099500836998;kilogram;con38
e37b59c033eb6710589bb58405c2d228;treatment of waste polyethylene, open burning;GLO;-0.00260975115734594;kilogram;con38
e3d62755e428cd125d79ff88e68b74cf;treatment of waste polyurethane, open burning;GLO;-0.000111927049697239;kilogram;con38
e428973372c6c29503a62e9e0e65ef14;treatment of waste polyethylene terephthalate, open burning;GLO;-0.00917395587533919;kilogram;con38
e468891b52fae6dbcbb9f5a4057b4e84;treatment of municipal solid waste, open burning;GLO;-0.0203629;kilogram;con38
e4d040d4c74cab0d0d6d821747d8ad31;treatment of waste plastic, mixture, open burning;GLO;-0.0264593941066286;kilogram;con38
e4d92c635382222f51cfdc0291fa97a9;market for waste glass pane in burnable frame;CH;-22222.990147542;kilogram;con38
e4dc7dac06464f8ade850aaaffe9b1f2;treatment of waste polypropylene, open burning;GLO;-0.00674378845855387;kilogram;con38
e5131462b26555d81fdaa16d0292b799;treatment of waste graphical paper, open burning;GLO;-0.000986035967648575;kilogram;con38
e720ec32c8298ed0473d72154e143fc4;treatment of waste polypropylene, open burning;GLO;-0.0150317896138671;kilogram;con38
e8273e42961880321b4c186739205244;treatment of municipal solid waste, open burning;GLO;-0.000526841;kilogram;con38
e829fff05e91ae11c2fc5eb030117d39;treatment of municipal solid waste, open burning;GLO;-0.00018209;kilogram;con38
e87b43a1ef4a4665ec276361bc0ea5a8;treatment of municipal solid waste, open burning;GLO;-0.0135771;kilogram;con38
e8827fa6baaffb99abdc6296502b849d;treatment of waste wood, untreated, open burning;GLO;-0.0409099500836998;kilogram;con38
e9353d49203423c8e6ed95e66087e33d;treatment of waste wood, untreated, open burning;GLO;-0.00369092313422926;kilogram;con38
e9601081a0d37a383597339234a07c78;treatment of waste polyurethane, open burning;GLO;-0.0122605420657861;kilogram;con38
e99d0b4152f7b39ad998b752d70ed113;market for waste glass pane in burnable frame;RoW;-22222.990147542;kilogram;con38
ea370cfcf1983068d4c63998aeecac35;treatment of waste polystyrene, open burning;GLO;-0.0860011568767784;kilogram;con38
eb497fef4850ab142d5906b676f611f8;treatment of waste glass, open burning;GLO;-0.0122605420657861;kilogram;con38
eb6a44a10fceb20482018aecc4f71966;treatment of waste paperboard, open burning;GLO;-0.0216911062443454;kilogram;con38
ebb3819c1c3dba52e4ab008520826927;treatment of waste graphical paper, open burning;GLO;-0.000668777328610643;kilogram;con38
ec73b3280f1e037b93524e52302842d6;treatment of waste paperboard, open burning;GLO;-6.36128446588608e-05;kilogram;con38
ec7adb25e1a1470b70fda57ea989d7be;treatment of waste plastic, mixture, open burning;GLO;-0.000301606625741877;kilogram;con38
ecb1f3fc7f2b789ce261a44fadbea0b7;treatment of waste wood, untreated, open burning;GLO;-0.0104397907139771;kilogram;con38
ecec0e9667d1f70f19a1052e6cbd53f7;treatment of waste polypropylene, open burning;GLO;-0.0871242405735605;kilogram;con38
ed303cafa454a67c966728c1bce69fa0;treatment of waste plastic, mixture, open burning;GLO;-0.284307580310206;kilogram;con38
eeda2770f4251970cac0bd4587e7f1d2;treatment of waste plastic, mixture, open burning;GLO;-0.0122605420657861;kilogram;con38
eedc844af8e59429915b62a3f98a8861;treatment of waste polyethylene, open burning;GLO;-0.0860011568767784;kilogram;con38
f021e465d47afa7786a781b988c9483b;treatment of waste plastic, mixture, open burning;GLO;-6.36128446588608e-05;kilogram;con38
f072beb84fd4dc5dcb379a93c46e1237;treatment of waste polystyrene, open burning;GLO;-0.00369092313422926;kilogram;con38
f09d7b0edbc854d61cde5dba5497e79e;treatment of waste polystyrene, open burning;GLO;-0.0334239090407301;kilogram;con38
f1deb0c32eaa0a6a8e3c981fe71708bc;treatment of waste polypropylene, open burning;GLO;-0.0216911062443454;kilogram;con38
f24725a3af803fce43cafe52585958fb;treatment of waste packaging paper, open burning;GLO;-0.0205469906849226;kilogram;con38
f2caa5784ad73c45e6fd06466ec570fc;treatment of waste graphical paper, open burning;GLO;-0.0104397907139771;kilogram;con38
f3c0662fc0d4ad01fdc2edc298104195;treatment of waste glass, open burning;GLO;-0.0871242405735605;kilogram;con38
f3cd09f339c3d5e159089b0b41205735;treatment of waste plastic, mixture, open burning;GLO;-0.00674378845855387;kilogram;con38
f3ec25761557393d4d796247a38b8675;treatment of municipal solid waste, open burning;GLO;-0.190205;kilogram;con38
f434ac877ba006868adba4e7ddcef7db;treatment of waste glass, open burning;GLO;-0.0216911062443454;kilogram;con38
f4a52ee211b7d8dd0c39210818ebf759;treatment of municipal solid waste, open burning;GLO;-0.0634286;kilogram;con38
f4dc917d22dc7ecce7c63bdc118a8872;treatment of waste glass, open burning;GLO;-0.0334239090407301;kilogram;con38
f4fcf4cf7e02f29ca7c45c79feccd150;treatment of waste polypropylene, open burning;GLO;-0.0135770927668737;kilogram;con38
f5080d6012d2a1d4f38859d8e6158420;treatment of waste paperboard, open burning;GLO;-0.0871242405735605;kilogram;con38
f5388e708a8abb86edbb02354142510b;treatment of waste paperboard, open burning;GLO;-0.19020481996282;kilogram;con38
f625beffee4e3391708521714c79ee2f;treatment of waste packaging paper, open burning;GLO;-0.0487658869735807;kilogram;con38
f6a778fb98b3ffaf586322c0f8678fe6;treatment of waste polyethylene terephthalate, open burning;GLO;-0.0897695128049834;kilogram;con38
f726470f943103bb5c9c1c9f29b680d8;treatment of waste wood, untreated, open burning;GLO;-0.00417186912852553;kilogram;con38
f76e8cb51307124f645801872d68edef;treatment of waste graphical paper, open burning;GLO;-0.000301606625741877;kilogram;con38
f802e992f1049bf6de1d8e86ae06f067;treatment of waste plastic, mixture, open burning;GLO;-0.0897695128049834;kilogram;con38
f81b9b1c2c92ad8698df955c1a9a2ab0;treatment of waste glass, open burning;GLO;-0.0409099500836998;kilogram;con38
f84ebc5d8e592fffb7411f5123546e9c;treatment of waste polyethylene, open burning;GLO;-0.0107372908969953;kilogram;con38
f8fe2b1ad3442f54008a1f4a2c700dcb;treatment of waste polyvinylchloride, open burning;GLO;-0.000986035967648575;kilogram;con38
f9d6dd418f8ab132bf25a641481d5282;treatment of waste glass pane in burnable frame, collection for final disposal;RoW;-0.82;kilogram;con38
f9d6dd418f8ab132bf25a641481d5282;treatment of waste glass pane in burnable frame, sorting plant;RoW;-0.18;kilogram;con38
fa88b06b8e50512c3aa1ac7cab57294d;treatment of municipal solid waste, open burning;GLO;-0.000668777;kilogram;con38
fa9c55834a6fad12ee0d0316ebad57fc;treatment of waste polyethylene, open burning;GLO;-0.015265724881001;kilogram;con38
fab9aa3431cefa71fdf33b34e1ab6c5f;treatment of waste polyethylene, open burning;GLO;-0.000526841223095166;kilogram;con38
fb1cbaae6b8be78db985be799527ec87;treatment of waste glass, open burning;GLO;-0.000668777328610643;kilogram;con38
fbfb49e01d44b89faf9d495509b8c2c8;treatment of waste packaging paper, open burning;GLO;-0.00674378845855387;kilogram;con38
fc5f6eb1ce545a93adb3e2208ba5179f;treatment of waste polyvinylchloride, open burning;GLO;-0.00017434433461976;kilogram;con38
fd5da578e738c5c77a5ad626d6341f52;treatment of waste packaging paper, open burning;GLO;-0.015265724881001;kilogram;con38
fdb0a83f977b24242d9ac27eec1ac537;treatment of waste paperboard, open burning;GLO;-0.000526841223095166;kilogram;con38
fe36febb43620f14d80b7ce0520333a9;treatment of waste graphical paper, open burning;GLO;-0.0203629272318968;kilogram;con38
fe3f1020ece21964048d1bce09d498da;treatment of municipal solid waste, open burning;GLO;-0.0152657;kilogram;con38
fe7f598b52f8502da3eccf3f87f974a0;treatment of waste paperboard, open burning;GLO;-0.00674378845855387;kilogram;con38
ff24e633f1577f3c033551f79ac0ed4e;treatment of waste paperboard, open burning;GLO;-0.0291927726473145;kilogram;con38
ff789764f91df7f22eb7a708eb847f36;treatment of waste polyurethane, open burning;GLO;-0.0143533996706812;kilogram;con38
ff86723dc82db1e9f5baa6c4e9cfacec;treatment of waste wood, untreated, open burning;GLO;-0.00966043946660359;kilogram;con38
ff9b7844fa099f126620196f1126cc35;treatment of waste polystyrene, open burning;GLO;-0.00917395587533919;kilogram;con38
